timestamp,park,infoId,status,wait
2026-07-01T00:00:35.290Z,TDL,122,運営中,5
2026-07-01T00:00:35.290Z,TDL,121,情報なし,
2026-07-01T00:00:35.290Z,TDL,107,運営中,5
2026-07-01T00:00:35.290Z,TDL,104,運営中,5
2026-07-01T00:00:35.290Z,TDL,407,案内終了 10:00-19:00:準備中,
2026-07-01T00:00:35.290Z,TDL,394,運営・公演中止 9:00-19:15:,
2026-07-01T00:00:35.290Z,TDL,395,運営・公演中止 9:00-19:15:,
2026-07-01T00:00:35.290Z,TDL,101,運営中,5
2026-07-01T00:00:35.290Z,TDL,102,運営中,5
2026-07-01T00:00:35.290Z,TDL,108,運営中,5
2026-07-01T00:00:35.290Z,TDL,128,運営中,5
2026-07-01T00:00:35.290Z,TDL,119,運営中,5
2026-07-01T00:00:35.290Z,TDL,174,運営中,5
2026-07-01T00:00:35.290Z,TDL,406,案内終了 12:00-18:00:案内終了,
2026-07-01T00:00:35.290Z,TDL,167,運営中,5
2026-07-01T00:00:35.290Z,TDL,366,運営中,5
2026-07-01T00:00:35.290Z,TDL,105,情報なし,
2026-07-01T00:00:35.290Z,TDL,132,運営中,5
2026-07-01T00:00:35.290Z,TDL,392,案内終了,
2026-07-01T00:00:35.290Z,TDL,112,一時運営中止,
2026-07-01T00:00:35.290Z,TDL,133,案内終了,
2026-07-01T00:00:35.290Z,TDL,127,運営中,5
2026-07-01T00:00:35.290Z,TDL,340,準備中,
2026-07-01T00:00:35.290Z,TDL,111,運営中,5
2026-07-01T00:00:35.290Z,TDL,129,運営中,5
2026-07-01T00:00:35.290Z,TDL,134,案内終了,
2026-07-01T00:00:35.290Z,TDL,113,情報なし,
2026-07-01T00:00:35.290Z,TDL,110,運営中,5
2026-07-01T00:00:35.290Z,TDL,114,運営中,5
2026-07-01T00:00:35.290Z,TDL,117,運営中,5
2026-07-01T00:00:35.290Z,TDL,123,情報なし,
2026-07-01T00:00:35.290Z,TDL,403,案内終了,
2026-07-01T00:00:35.290Z,TDL,408,運営・公演中止 10:30-13:00:案内終了 14:10-17:00:案内終了,
2026-07-01T00:00:35.290Z,TDL,414,運営中,30
2026-07-01T00:00:35.290Z,TDL,300,準備中,
2026-07-01T00:00:35.290Z,TDL,120,運営中,5
2026-07-01T00:00:35.290Z,TDL,116,運営中,5
2026-07-01T00:00:35.290Z,TDL,126,運営・公演中止 9:00-21:00:,
2026-07-01T00:00:35.290Z,TDL,409,案内終了 9:00-21:00:,
2026-07-01T00:00:35.290Z,TDL,125,運営中,5
2026-07-01T00:00:35.290Z,TDL,352,案内終了,
2026-07-01T00:00:35.290Z,TDL,351,運営・公演中止,
2026-07-01T00:00:35.290Z,TDL,163,情報なし,
2026-07-01T00:00:35.290Z,TDL,124,運営中,5
2026-07-01T00:00:35.290Z,TDL,118,情報なし,
2026-07-01T00:00:35.290Z,TDL,109,運営中,5
2026-07-01T00:00:35.290Z,TDL,115,運営中,5
2026-07-01T00:00:35.290Z,TDL,100,一時運営中止,
2026-07-01T00:00:35.290Z,TDL,106,運営中,5
2026-07-01T00:00:35.290Z,TDS,165,運営・公演中止 9:30-20:00:準備中,
2026-07-01T00:00:35.290Z,TDS,467,情報なし 9:00-12:00:案内終了 12:55-15:55:案内終了,
2026-07-01T00:00:35.290Z,TDS,148,運営中,5
2026-07-01T00:00:35.290Z,TDS,465,運営中,30
2026-07-01T00:00:35.290Z,TDS,360,案内終了,
2026-07-01T00:00:35.290Z,TDS,162,案内終了,
2026-07-01T00:00:35.290Z,TDS,350,準備中,
2026-07-01T00:00:35.290Z,TDS,150,情報なし,
2026-07-01T00:00:35.290Z,TDS,362,案内終了,
2026-07-01T00:00:35.290Z,TDS,454,運営・公演中止 9:00-12:00:案内終了 12:55-15:55:案内終了,
2026-07-01T00:00:35.290Z,TDS,413,案内終了,
2026-07-01T00:00:35.290Z,TDS,161,運営中,5
2026-07-01T00:00:35.290Z,TDS,363,案内終了,
2026-07-01T00:00:35.290Z,TDS,159,運営中,5
2026-07-01T00:00:35.290Z,TDS,172,運営中,5
2026-07-01T00:00:35.290Z,TDS,156,運営中,5
2026-07-01T00:00:35.290Z,TDS,154,運営中,5
2026-07-01T00:00:35.290Z,TDS,145,運営中,15
2026-07-01T00:00:35.290Z,TDS,405,運営中,40
2026-07-01T00:00:35.290Z,TDS,164,運営中,5
2026-07-01T00:00:35.290Z,TDS,144,運営中,5
2026-07-01T00:00:35.290Z,TDS,358,運営・公演中止 9:30-12:30: 13:15-15:35:,
2026-07-01T00:00:35.290Z,TDS,149,運営中,5
2026-07-01T00:00:35.290Z,TDS,142,運営中,5
2026-07-01T00:00:35.290Z,TDS,151,運営中,5
2026-07-01T00:00:35.290Z,TDS,143,運営中,5
2026-07-01T00:00:35.290Z,TDS,138,運営中,5
2026-07-01T00:00:35.290Z,TDS,173,運営中,15
2026-07-01T00:00:35.290Z,TDS,410,案内終了 9:20-16:50:案内終了,
2026-07-01T00:00:35.290Z,TDS,398,運営中,15
2026-07-01T00:00:35.290Z,TDS,141,運営中,5
2026-07-01T00:00:35.290Z,TDS,466,運営中,10
2026-07-01T00:00:35.290Z,TDS,462,運営中,
2026-07-01T00:00:35.290Z,TDS,463,運営中,15
2026-07-01T00:00:35.290Z,TDS,140,情報なし,
2026-07-01T00:00:35.290Z,TDS,153,運営中,5
2026-07-01T00:00:35.290Z,TDS,411,案内終了 11:30-15:30:エントリー受付は終了しました,
2026-07-01T00:00:35.290Z,TDS,157,運営中,5
2026-07-01T00:00:35.290Z,TDS,155,情報なし,
2026-07-01T00:00:35.290Z,TDS,412,案内終了 11:00-18:20:案内終了,
2026-07-01T00:00:35.290Z,TDS,160,運営中,5
2026-07-01T00:00:35.290Z,TDS,170,案内終了 8:15-21:15:案内終了,
2026-07-01T00:00:35.290Z,TDS,168,運営・公演中止 9:30-20:00:準備中,
2026-07-01T00:00:35.290Z,TDS,169,運営・公演中止 9:30-20:00:準備中,
2026-07-01T00:00:35.290Z,TDS,400,案内終了,
2026-07-01T00:00:35.290Z,TDS,404,案内終了,
2026-07-01T00:00:35.290Z,TDS,401,案内終了 9:30-13:30: 15:00-19:00:,
2026-07-01T00:00:35.290Z,TDS,402,案内終了 9:30-13:30: 15:00-19:00:,
2026-07-01T00:00:35.290Z,TDS,464,情報なし,
2026-07-01T00:00:35.290Z,TDS,152,運営中,5
2026-07-01T00:00:35.290Z,TDS,158,運営中,5
2026-07-01T00:00:35.290Z,TDS,171,運営・公演中止 9:30-20:00:準備中,
2026-07-01T00:00:35.290Z,TDS,139,運営中,5
2026-07-01T00:00:35.290Z,TDS,146,運営中,5
2026-07-01T00:15:18.772Z,TDL,122,運営中,5
2026-07-01T00:15:18.772Z,TDL,121,情報なし,
2026-07-01T00:15:18.772Z,TDL,107,運営中,5
2026-07-01T00:15:18.772Z,TDL,104,運営中,5
2026-07-01T00:15:18.772Z,TDL,407,案内終了 10:00-19:00:準備中,
2026-07-01T00:15:18.772Z,TDL,394,運営中,5
2026-07-01T00:15:18.772Z,TDL,395,運営中,5
2026-07-01T00:15:18.772Z,TDL,101,運営中,5
2026-07-01T00:15:18.772Z,TDL,102,運営中,5
2026-07-01T00:15:18.772Z,TDL,108,運営中,5
2026-07-01T00:15:18.772Z,TDL,128,一時運営中止,
2026-07-01T00:15:18.772Z,TDL,119,運営中,5
2026-07-01T00:15:18.772Z,TDL,174,運営中,5
2026-07-01T00:15:18.772Z,TDL,406,案内終了 12:00-18:00:案内終了,
2026-07-01T00:15:18.772Z,TDL,167,運営中,5
2026-07-01T00:15:18.772Z,TDL,366,運営中,5
2026-07-01T00:15:18.772Z,TDL,105,情報なし,
2026-07-01T00:15:18.772Z,TDL,132,運営中,5
2026-07-01T00:15:18.772Z,TDL,392,案内終了,
2026-07-01T00:15:18.772Z,TDL,112,一時運営中止,
2026-07-01T00:15:18.772Z,TDL,133,案内終了,
2026-07-01T00:15:18.772Z,TDL,127,運営中,5
2026-07-01T00:15:18.772Z,TDL,340,運営中,
2026-07-01T00:15:18.772Z,TDL,111,運営中,5
2026-07-01T00:15:18.772Z,TDL,129,運営中,5
2026-07-01T00:15:18.772Z,TDL,134,案内終了,
2026-07-01T00:15:18.772Z,TDL,113,情報なし,
2026-07-01T00:15:18.772Z,TDL,110,運営中,20
2026-07-01T00:15:18.772Z,TDL,114,運営中,10
2026-07-01T00:15:18.772Z,TDL,117,運営中,5
2026-07-01T00:15:18.772Z,TDL,123,情報なし,
2026-07-01T00:15:18.772Z,TDL,403,案内終了,
2026-07-01T00:15:18.772Z,TDL,408,運営・公演中止 10:30-13:00:案内終了 14:10-17:00:案内終了,
2026-07-01T00:15:18.772Z,TDL,414,運営中,90
2026-07-01T00:15:18.772Z,TDL,300,運営中,
2026-07-01T00:15:18.772Z,TDL,120,運営中,5
2026-07-01T00:15:18.772Z,TDL,116,運営中,5
2026-07-01T00:15:18.772Z,TDL,126,運営中,15
2026-07-01T00:15:18.772Z,TDL,409,案内終了 9:00-21:00:,
2026-07-01T00:15:18.772Z,TDL,125,運営中,5
2026-07-01T00:15:18.772Z,TDL,352,案内終了,
2026-07-01T00:15:18.772Z,TDL,351,運営・公演中止,
2026-07-01T00:15:18.772Z,TDL,163,情報なし,
2026-07-01T00:15:18.772Z,TDL,124,運営中,5
2026-07-01T00:15:18.772Z,TDL,118,情報なし,
2026-07-01T00:15:18.772Z,TDL,109,運営中,5
2026-07-01T00:15:18.772Z,TDL,115,運営中,5
2026-07-01T00:15:18.772Z,TDL,100,一時運営中止,
2026-07-01T00:15:18.772Z,TDL,106,運営中,5
2026-07-01T00:15:18.772Z,TDS,165,運営・公演中止 9:30-20:00:準備中,
2026-07-01T00:15:18.772Z,TDS,467,情報なし 9:00-12:00:案内終了 12:55-15:55:案内終了,
2026-07-01T00:15:18.772Z,TDS,148,運営中,5
2026-07-01T00:15:18.772Z,TDS,465,運営中,60
2026-07-01T00:15:18.772Z,TDS,360,案内終了,
2026-07-01T00:15:18.772Z,TDS,162,案内終了,
2026-07-01T00:15:18.772Z,TDS,350,運営中,
2026-07-01T00:15:18.772Z,TDS,150,情報なし,
2026-07-01T00:15:18.772Z,TDS,362,案内終了,
2026-07-01T00:15:18.772Z,TDS,454,運営・公演中止 9:00-12:00:案内終了 12:55-15:55:案内終了,
2026-07-01T00:15:18.772Z,TDS,413,案内終了,
2026-07-01T00:15:18.772Z,TDS,161,運営中,5
2026-07-01T00:15:18.772Z,TDS,363,案内終了,
2026-07-01T00:15:18.772Z,TDS,159,運営中,5
2026-07-01T00:15:18.772Z,TDS,172,運営中,5
2026-07-01T00:15:18.772Z,TDS,156,運営中,5
2026-07-01T00:15:18.772Z,TDS,154,運営中,5
2026-07-01T00:15:18.772Z,TDS,145,運営中,30
2026-07-01T00:15:18.772Z,TDS,405,運営中,70
2026-07-01T00:15:18.772Z,TDS,164,運営中,15
2026-07-01T00:15:18.772Z,TDS,144,運営中,15
2026-07-01T00:15:18.772Z,TDS,358,運営・公演中止 9:30-12:30:準備中 13:15-15:35:,
2026-07-01T00:15:18.772Z,TDS,149,運営中,5
2026-07-01T00:15:18.772Z,TDS,142,運営中,5
2026-07-01T00:15:18.772Z,TDS,151,運営中,5
2026-07-01T00:15:18.772Z,TDS,143,運営中,5
2026-07-01T00:15:18.772Z,TDS,138,運営中,5
2026-07-01T00:15:18.772Z,TDS,173,運営中,60
2026-07-01T00:15:18.772Z,TDS,410,案内終了 9:20-16:50:案内終了,
2026-07-01T00:15:18.772Z,TDS,398,運営中,15
2026-07-01T00:15:18.772Z,TDS,141,運営中,5
2026-07-01T00:15:18.772Z,TDS,466,運営中,5
2026-07-01T00:15:18.772Z,TDS,462,運営中,
2026-07-01T00:15:18.772Z,TDS,463,運営中,10
2026-07-01T00:15:18.772Z,TDS,140,情報なし,
2026-07-01T00:15:18.772Z,TDS,153,運営中,5
2026-07-01T00:15:18.772Z,TDS,411,案内終了 11:30-15:30:エントリー受付は終了しました,
2026-07-01T00:15:18.772Z,TDS,157,運営中,5
2026-07-01T00:15:18.772Z,TDS,155,情報なし,
2026-07-01T00:15:18.772Z,TDS,412,案内終了 11:00-18:20:案内終了,
2026-07-01T00:15:18.772Z,TDS,160,運営中,5
2026-07-01T00:15:18.772Z,TDS,170,案内終了 8:15-21:15:案内終了,
2026-07-01T00:15:18.772Z,TDS,168,運営・公演中止 9:30-20:00:準備中,
2026-07-01T00:15:18.772Z,TDS,169,運営・公演中止 9:30-20:00:準備中,
2026-07-01T00:15:18.772Z,TDS,400,案内終了,
2026-07-01T00:15:18.772Z,TDS,404,案内終了,
2026-07-01T00:15:18.772Z,TDS,401,案内終了 9:30-13:30: 15:00-19:00:,
2026-07-01T00:15:18.772Z,TDS,402,案内終了 9:30-13:30: 15:00-19:00:,
2026-07-01T00:15:18.772Z,TDS,464,情報なし,
2026-07-01T00:15:18.772Z,TDS,152,運営中,5
2026-07-01T00:15:18.772Z,TDS,158,運営中,5
2026-07-01T00:15:18.772Z,TDS,171,運営・公演中止 9:30-20:00:準備中,
2026-07-01T00:15:18.772Z,TDS,139,運営中,5
2026-07-01T00:15:18.772Z,TDS,146,運営中,5
2026-07-01T00:30:26.934Z,TDL,122,運営中,5
2026-07-01T00:30:26.934Z,TDL,121,情報なし,
2026-07-01T00:30:26.934Z,TDL,107,運営中,5
2026-07-01T00:30:26.934Z,TDL,104,運営中,5
2026-07-01T00:30:26.934Z,TDL,407,案内終了 10:00-19:00:準備中,
2026-07-01T00:30:26.934Z,TDL,394,運営中,5
2026-07-01T00:30:26.934Z,TDL,395,運営中,15
2026-07-01T00:30:26.934Z,TDL,101,運営中,5
2026-07-01T00:30:26.934Z,TDL,102,運営中,20
2026-07-01T00:30:26.934Z,TDL,108,運営中,5
2026-07-01T00:30:26.934Z,TDL,128,一時運営中止,
2026-07-01T00:30:26.934Z,TDL,119,運営中,5
2026-07-01T00:30:26.934Z,TDL,174,運営中,5
2026-07-01T00:30:26.934Z,TDL,406,案内終了 12:00-18:00:案内終了,
2026-07-01T00:30:26.934Z,TDL,167,運営中,5
2026-07-01T00:30:26.934Z,TDL,366,運営中,5
2026-07-01T00:30:26.934Z,TDL,105,情報なし,
2026-07-01T00:30:26.934Z,TDL,132,運営中,15
2026-07-01T00:30:26.934Z,TDL,392,案内終了,
2026-07-01T00:30:26.934Z,TDL,112,運営中,50
2026-07-01T00:30:26.934Z,TDL,133,案内終了,
2026-07-01T00:30:26.934Z,TDL,127,運営中,5
2026-07-01T00:30:26.934Z,TDL,340,運営中,
2026-07-01T00:30:26.934Z,TDL,111,運営中,5
2026-07-01T00:30:26.934Z,TDL,129,運営中,5
2026-07-01T00:30:26.934Z,TDL,134,案内終了,
2026-07-01T00:30:26.934Z,TDL,113,情報なし,
2026-07-01T00:30:26.934Z,TDL,110,運営中,50
2026-07-01T00:30:26.934Z,TDL,114,運営中,30
2026-07-01T00:30:26.934Z,TDL,117,運営中,5
2026-07-01T00:30:26.934Z,TDL,123,情報なし,
2026-07-01T00:30:26.934Z,TDL,403,案内終了,
2026-07-01T00:30:26.934Z,TDL,408,運営・公演中止 10:30-13:00:案内終了 14:10-17:00:案内終了,
2026-07-01T00:30:26.934Z,TDL,414,運営中,120
2026-07-01T00:30:26.934Z,TDL,300,運営中,
2026-07-01T00:30:26.934Z,TDL,120,運営中,15
2026-07-01T00:30:26.934Z,TDL,116,運営中,5
2026-07-01T00:30:26.934Z,TDL,126,運営中,40
2026-07-01T00:30:26.934Z,TDL,409,案内終了 9:00-21:00:,
2026-07-01T00:30:26.934Z,TDL,125,運営中,5
2026-07-01T00:30:26.934Z,TDL,352,案内終了,
2026-07-01T00:30:26.934Z,TDL,351,運営・公演中止,
2026-07-01T00:30:26.934Z,TDL,163,情報なし,
2026-07-01T00:30:26.934Z,TDL,124,運営中,15
2026-07-01T00:30:26.934Z,TDL,118,情報なし,
2026-07-01T00:30:26.934Z,TDL,109,運営中,5
2026-07-01T00:30:26.934Z,TDL,115,運営中,20
2026-07-01T00:30:26.934Z,TDL,100,一時運営中止,
2026-07-01T00:30:26.934Z,TDL,106,運営中,5
2026-07-01T00:30:26.934Z,TDS,165,運営・公演中止 9:30-20:00:準備中,
2026-07-01T00:30:26.934Z,TDS,467,情報なし 9:00-12:00:案内終了 12:55-15:55:案内終了,
2026-07-01T00:30:26.934Z,TDS,148,運営中,5
2026-07-01T00:30:26.934Z,TDS,465,運営中,120
2026-07-01T00:30:26.934Z,TDS,360,案内終了,
2026-07-01T00:30:26.934Z,TDS,162,案内終了,
2026-07-01T00:30:26.934Z,TDS,350,運営中,
2026-07-01T00:30:26.934Z,TDS,150,情報なし,
2026-07-01T00:30:26.934Z,TDS,362,案内終了,
2026-07-01T00:30:26.934Z,TDS,454,運営・公演中止 9:00-12:00:案内終了 12:55-15:55:案内終了,
2026-07-01T00:30:26.934Z,TDS,413,案内終了,
2026-07-01T00:30:26.934Z,TDS,161,運営中,5
2026-07-01T00:30:26.934Z,TDS,363,案内終了,
2026-07-01T00:30:26.934Z,TDS,159,運営中,5
2026-07-01T00:30:26.934Z,TDS,172,運営中,5
2026-07-01T00:30:26.934Z,TDS,156,運営中,5
2026-07-01T00:30:26.934Z,TDS,154,運営中,5
2026-07-01T00:30:26.934Z,TDS,145,運営中,60
2026-07-01T00:30:26.934Z,TDS,405,運営中,90
2026-07-01T00:30:26.934Z,TDS,164,運営中,20
2026-07-01T00:30:26.934Z,TDS,144,運営中,50
2026-07-01T00:30:26.934Z,TDS,358,運営・公演中止 9:30-12:30:準備中 13:15-15:35:,
2026-07-01T00:30:26.934Z,TDS,149,運営中,5
2026-07-01T00:30:26.934Z,TDS,142,運営中,5
2026-07-01T00:30:26.934Z,TDS,151,運営中,5
2026-07-01T00:30:26.934Z,TDS,143,運営中,5
2026-07-01T00:30:26.934Z,TDS,138,運営中,10
2026-07-01T00:30:26.934Z,TDS,173,運営中,120
2026-07-01T00:30:26.934Z,TDS,410,案内終了 9:20-16:50:案内終了,
2026-07-01T00:30:26.934Z,TDS,398,運営中,15
2026-07-01T00:30:26.934Z,TDS,141,運営中,5
2026-07-01T00:30:26.934Z,TDS,466,運営中,20
2026-07-01T00:30:26.934Z,TDS,462,運営中,
2026-07-01T00:30:26.934Z,TDS,463,運営中,30
2026-07-01T00:30:26.934Z,TDS,140,情報なし,
2026-07-01T00:30:26.934Z,TDS,153,運営中,5
2026-07-01T00:30:26.934Z,TDS,411,案内終了 11:30-15:30:エントリー受付は終了しました,
2026-07-01T00:30:26.934Z,TDS,157,運営中,5
2026-07-01T00:30:26.934Z,TDS,155,情報なし,
2026-07-01T00:30:26.934Z,TDS,412,案内終了 11:00-18:20:案内終了,
2026-07-01T00:30:26.934Z,TDS,160,運営中,5
2026-07-01T00:30:26.934Z,TDS,170,案内終了 8:15-21:15:案内終了,
2026-07-01T00:30:26.934Z,TDS,168,運営・公演中止 9:30-20:00:準備中,
2026-07-01T00:30:26.934Z,TDS,169,運営・公演中止 9:30-20:00:準備中,
2026-07-01T00:30:26.934Z,TDS,400,案内終了,
2026-07-01T00:30:26.934Z,TDS,404,案内終了,
2026-07-01T00:30:26.934Z,TDS,401,案内終了 9:30-13:30: 15:00-19:00:,
2026-07-01T00:30:26.934Z,TDS,402,案内終了 9:30-13:30: 15:00-19:00:,
2026-07-01T00:30:26.934Z,TDS,464,情報なし,
2026-07-01T00:30:26.934Z,TDS,152,運営中,5
2026-07-01T00:30:26.934Z,TDS,158,運営中,5
2026-07-01T00:30:26.934Z,TDS,171,運営・公演中止 9:30-20:00:準備中,
2026-07-01T00:30:26.934Z,TDS,139,運営中,5
2026-07-01T00:30:26.934Z,TDS,146,運営中,5
2026-07-01T00:45:18.532Z,TDL,122,運営中,5
2026-07-01T00:45:18.532Z,TDL,121,情報なし,
2026-07-01T00:45:18.532Z,TDL,107,運営中,5
2026-07-01T00:45:18.532Z,TDL,104,運営中,15
2026-07-01T00:45:18.532Z,TDL,407,案内終了 10:00-19:00:準備中,
2026-07-01T00:45:18.532Z,TDL,394,運営中,25
2026-07-01T00:45:18.532Z,TDL,395,運営中,30
2026-07-01T00:45:18.532Z,TDL,101,運営中,5
2026-07-01T00:45:18.532Z,TDL,102,運営中,25
2026-07-01T00:45:18.532Z,TDL,108,運営中,5
2026-07-01T00:45:18.532Z,TDL,128,一時運営中止,
2026-07-01T00:45:18.532Z,TDL,119,運営中,5
2026-07-01T00:45:18.532Z,TDL,174,運営中,5
2026-07-01T00:45:18.532Z,TDL,406,案内終了 12:00-18:00:案内終了,
2026-07-01T00:45:18.532Z,TDL,167,運営中,5
2026-07-01T00:45:18.532Z,TDL,366,運営中,25
2026-07-01T00:45:18.532Z,TDL,105,情報なし,
2026-07-01T00:45:18.532Z,TDL,132,運営中,15
2026-07-01T00:45:18.532Z,TDL,392,案内終了,
2026-07-01T00:45:18.532Z,TDL,112,運営中,70
2026-07-01T00:45:18.532Z,TDL,133,案内終了,
2026-07-01T00:45:18.532Z,TDL,127,運営中,5
2026-07-01T00:45:18.532Z,TDL,340,運営中,
2026-07-01T00:45:18.532Z,TDL,111,運営中,5
2026-07-01T00:45:18.532Z,TDL,129,運営中,5
2026-07-01T00:45:18.532Z,TDL,134,案内終了,
2026-07-01T00:45:18.532Z,TDL,113,情報なし,
2026-07-01T00:45:18.532Z,TDL,110,運営中,40
2026-07-01T00:45:18.532Z,TDL,114,運営中,30
2026-07-01T00:45:18.532Z,TDL,117,運営中,15
2026-07-01T00:45:18.532Z,TDL,123,情報なし,
2026-07-01T00:45:18.532Z,TDL,403,案内終了,
2026-07-01T00:45:18.532Z,TDL,408,運営・公演中止 10:30-13:00:案内終了 14:10-17:00:案内終了,
2026-07-01T00:45:18.532Z,TDL,414,運営中,120
2026-07-01T00:45:18.532Z,TDL,300,運営中,
2026-07-01T00:45:18.532Z,TDL,120,運営中,20
2026-07-01T00:45:18.532Z,TDL,116,運営中,5
2026-07-01T00:45:18.532Z,TDL,126,運営中,40
2026-07-01T00:45:18.532Z,TDL,409,案内終了 9:00-21:00:,
2026-07-01T00:45:18.532Z,TDL,125,運営中,5
2026-07-01T00:45:18.532Z,TDL,352,案内終了,
2026-07-01T00:45:18.532Z,TDL,351,運営・公演中止,
2026-07-01T00:45:18.532Z,TDL,163,情報なし,
2026-07-01T00:45:18.532Z,TDL,124,運営中,20
2026-07-01T00:45:18.532Z,TDL,118,情報なし,
2026-07-01T00:45:18.532Z,TDL,109,運営中,5
2026-07-01T00:45:18.532Z,TDL,115,運営中,25
2026-07-01T00:45:18.532Z,TDL,100,一時運営中止,
2026-07-01T00:45:18.532Z,TDL,106,運営中,5
2026-07-01T00:45:18.532Z,TDS,165,運営中,30
2026-07-01T00:45:18.532Z,TDS,467,情報なし 9:00-12:00:案内終了 12:55-15:55:案内終了,
2026-07-01T00:45:18.532Z,TDS,148,運営中,15
2026-07-01T00:45:18.532Z,TDS,465,運営中,140
2026-07-01T00:45:18.532Z,TDS,360,案内終了,
2026-07-01T00:45:18.532Z,TDS,162,案内終了,
2026-07-01T00:45:18.532Z,TDS,350,運営中,
2026-07-01T00:45:18.532Z,TDS,150,情報なし,
2026-07-01T00:45:18.532Z,TDS,362,案内終了,
2026-07-01T00:45:18.532Z,TDS,454,運営・公演中止 9:00-12:00:案内終了 12:55-15:55:案内終了,
2026-07-01T00:45:18.532Z,TDS,413,案内終了,
2026-07-01T00:45:18.532Z,TDS,161,運営中,5
2026-07-01T00:45:18.532Z,TDS,363,案内終了,
2026-07-01T00:45:18.532Z,TDS,159,運営中,5
2026-07-01T00:45:18.532Z,TDS,172,運営中,5
2026-07-01T00:45:18.532Z,TDS,156,運営中,5
2026-07-01T00:45:18.532Z,TDS,154,運営中,5
2026-07-01T00:45:18.532Z,TDS,145,運営中,120
2026-07-01T00:45:18.532Z,TDS,405,運営中,160
2026-07-01T00:45:18.532Z,TDS,164,運営中,20
2026-07-01T00:45:18.532Z,TDS,144,運営中,60
2026-07-01T00:45:18.532Z,TDS,358,運営中,60
2026-07-01T00:45:18.532Z,TDS,149,運営中,5
2026-07-01T00:45:18.532Z,TDS,142,運営中,5
2026-07-01T00:45:18.532Z,TDS,151,運営中,5
2026-07-01T00:45:18.532Z,TDS,143,運営中,5
2026-07-01T00:45:18.532Z,TDS,138,運営中,15
2026-07-01T00:45:18.532Z,TDS,173,運営中,100
2026-07-01T00:45:18.532Z,TDS,410,案内終了 9:20-16:50:案内終了,
2026-07-01T00:45:18.532Z,TDS,398,運営中,15
2026-07-01T00:45:18.532Z,TDS,141,運営中,5
2026-07-01T00:45:18.532Z,TDS,466,運営中,50
2026-07-01T00:45:18.532Z,TDS,462,運営中,
2026-07-01T00:45:18.532Z,TDS,463,運営中,40
2026-07-01T00:45:18.532Z,TDS,140,情報なし,
2026-07-01T00:45:18.532Z,TDS,153,運営中,5
2026-07-01T00:45:18.532Z,TDS,411,案内終了 11:30-15:30:エントリー受付は終了しました,
2026-07-01T00:45:18.532Z,TDS,157,運営中,5
2026-07-01T00:45:18.532Z,TDS,155,情報なし,
2026-07-01T00:45:18.532Z,TDS,412,案内終了 11:00-18:20:案内終了,
2026-07-01T00:45:18.532Z,TDS,160,運営中,5
2026-07-01T00:45:18.532Z,TDS,170,案内終了 8:15-21:15:案内終了,
2026-07-01T00:45:18.532Z,TDS,168,運営中,30
2026-07-01T00:45:18.532Z,TDS,169,運営中,20
2026-07-01T00:45:18.532Z,TDS,400,案内終了,
2026-07-01T00:45:18.532Z,TDS,404,案内終了,
2026-07-01T00:45:18.532Z,TDS,401,案内終了 9:30-13:30: 15:00-19:00:,
2026-07-01T00:45:18.532Z,TDS,402,案内終了 9:30-13:30: 15:00-19:00:,
2026-07-01T00:45:18.532Z,TDS,464,情報なし,
2026-07-01T00:45:18.532Z,TDS,152,運営中,10
2026-07-01T00:45:18.532Z,TDS,158,運営中,5
2026-07-01T00:45:18.532Z,TDS,171,運営中,15
2026-07-01T00:45:18.532Z,TDS,139,運営中,5
2026-07-01T00:45:18.532Z,TDS,146,運営中,5
2026-07-01T01:00:36.570Z,TDL,122,運営中,5
2026-07-01T01:00:36.570Z,TDL,121,情報なし,
2026-07-01T01:00:36.570Z,TDL,107,運営中,5
2026-07-01T01:00:36.570Z,TDL,104,運営中,20
2026-07-01T01:00:36.570Z,TDL,407,案内終了 10:00-19:00:準備中,
2026-07-01T01:00:36.570Z,TDL,394,運営中,15
2026-07-01T01:00:36.570Z,TDL,395,運営中,30
2026-07-01T01:00:36.570Z,TDL,101,運営中,5
2026-07-01T01:00:36.570Z,TDL,102,運営中,25
2026-07-01T01:00:36.570Z,TDL,108,運営中,5
2026-07-01T01:00:36.570Z,TDL,128,一時運営中止,
2026-07-01T01:00:36.570Z,TDL,119,運営中,15
2026-07-01T01:00:36.570Z,TDL,174,運営中,5
2026-07-01T01:00:36.570Z,TDL,406,案内終了 12:00-18:00:案内終了,
2026-07-01T01:00:36.570Z,TDL,167,運営中,5
2026-07-01T01:00:36.570Z,TDL,366,運営中,25
2026-07-01T01:00:36.570Z,TDL,105,情報なし,
2026-07-01T01:00:36.570Z,TDL,132,運営中,15
2026-07-01T01:00:36.570Z,TDL,392,案内終了,
2026-07-01T01:00:36.570Z,TDL,112,運営中,60
2026-07-01T01:00:36.570Z,TDL,133,案内終了,
2026-07-01T01:00:36.570Z,TDL,127,運営中,5
2026-07-01T01:00:36.570Z,TDL,340,運営中,
2026-07-01T01:00:36.570Z,TDL,111,運営中,5
2026-07-01T01:00:36.570Z,TDL,129,運営中,5
2026-07-01T01:00:36.570Z,TDL,134,案内終了,
2026-07-01T01:00:36.570Z,TDL,113,情報なし,
2026-07-01T01:00:36.570Z,TDL,110,運営中,40
2026-07-01T01:00:36.570Z,TDL,114,運営中,30
2026-07-01T01:00:36.570Z,TDL,117,運営中,15
2026-07-01T01:00:36.570Z,TDL,123,情報なし,
2026-07-01T01:00:36.570Z,TDL,403,案内終了,
2026-07-01T01:00:36.570Z,TDL,408,運営・公演中止 10:30-13:00:案内終了 14:10-17:00:案内終了,
2026-07-01T01:00:36.570Z,TDL,414,運営中,120
2026-07-01T01:00:36.570Z,TDL,300,運営中,
2026-07-01T01:00:36.570Z,TDL,120,運営中,20
2026-07-01T01:00:36.570Z,TDL,116,運営中,5
2026-07-01T01:00:36.570Z,TDL,126,運営中,45
2026-07-01T01:00:36.570Z,TDL,409,案内終了 9:00-21:00:,
2026-07-01T01:00:36.570Z,TDL,125,運営中,5
2026-07-01T01:00:36.570Z,TDL,352,案内終了,
2026-07-01T01:00:36.570Z,TDL,351,運営・公演中止,
2026-07-01T01:00:36.570Z,TDL,163,情報なし,
2026-07-01T01:00:36.570Z,TDL,124,運営中,35
2026-07-01T01:00:36.570Z,TDL,118,情報なし,
2026-07-01T01:00:36.570Z,TDL,109,運営中,5
2026-07-01T01:00:36.570Z,TDL,115,運営中,25
2026-07-01T01:00:36.570Z,TDL,100,一時運営中止,
2026-07-01T01:00:36.570Z,TDL,106,運営中,5
2026-07-01T01:00:36.570Z,TDS,165,運営中,40
2026-07-01T01:00:36.570Z,TDS,467,情報なし 9:00-12:00:案内終了 12:55-15:55:案内終了,
2026-07-01T01:00:36.570Z,TDS,148,運営中,30
2026-07-01T01:00:36.570Z,TDS,465,運営中,160
2026-07-01T01:00:36.570Z,TDS,360,案内終了,
2026-07-01T01:00:36.570Z,TDS,162,案内終了,
2026-07-01T01:00:36.570Z,TDS,350,運営中,
2026-07-01T01:00:36.570Z,TDS,150,情報なし,
2026-07-01T01:00:36.570Z,TDS,362,案内終了,
2026-07-01T01:00:36.570Z,TDS,454,運営・公演中止 9:00-12:00:案内終了 12:55-15:55:案内終了,
2026-07-01T01:00:36.570Z,TDS,413,案内終了,
2026-07-01T01:00:36.570Z,TDS,161,運営中,5
2026-07-01T01:00:36.570Z,TDS,363,案内終了,
2026-07-01T01:00:36.570Z,TDS,159,運営中,5
2026-07-01T01:00:36.570Z,TDS,172,運営中,5
2026-07-01T01:00:36.570Z,TDS,156,運営中,5
2026-07-01T01:00:36.570Z,TDS,154,運営中,5
2026-07-01T01:00:36.570Z,TDS,145,運営中,160
2026-07-01T01:00:36.570Z,TDS,405,運営中,180
2026-07-01T01:00:36.570Z,TDS,164,運営中,20
2026-07-01T01:00:36.570Z,TDS,144,運営中,120
2026-07-01T01:00:36.570Z,TDS,358,運営中,60
2026-07-01T01:00:36.570Z,TDS,149,運営中,5
2026-07-01T01:00:36.570Z,TDS,142,運営中,15
2026-07-01T01:00:36.570Z,TDS,151,運営中,5
2026-07-01T01:00:36.570Z,TDS,143,運営中,5
2026-07-01T01:00:36.570Z,TDS,138,運営中,25
2026-07-01T01:00:36.570Z,TDS,173,運営中,120
2026-07-01T01:00:36.570Z,TDS,410,案内終了 9:20-16:50:案内終了,
2026-07-01T01:00:36.570Z,TDS,398,運営中,15
2026-07-01T01:00:36.570Z,TDS,141,運営中,5
2026-07-01T01:00:36.570Z,TDS,466,運営中,70
2026-07-01T01:00:36.570Z,TDS,462,運営中,
2026-07-01T01:00:36.570Z,TDS,463,運営中,50
2026-07-01T01:00:36.570Z,TDS,140,情報なし,
2026-07-01T01:00:36.570Z,TDS,153,運営中,5
2026-07-01T01:00:36.570Z,TDS,411,案内終了 11:30-15:30:エントリー受付は終了しました,
2026-07-01T01:00:36.570Z,TDS,157,運営中,5
2026-07-01T01:00:36.570Z,TDS,155,情報なし,
2026-07-01T01:00:36.570Z,TDS,412,案内終了 11:00-18:20:案内終了,
2026-07-01T01:00:36.570Z,TDS,160,運営中,5
2026-07-01T01:00:36.570Z,TDS,170,案内終了 8:15-21:15:案内終了,
2026-07-01T01:00:36.570Z,TDS,168,運営中,40
2026-07-01T01:00:36.570Z,TDS,169,運営中,30
2026-07-01T01:00:36.570Z,TDS,400,案内終了,
2026-07-01T01:00:36.570Z,TDS,404,案内終了,
2026-07-01T01:00:36.570Z,TDS,401,案内終了 9:30-13:30: 15:00-19:00:,
2026-07-01T01:00:36.570Z,TDS,402,案内終了 9:30-13:30: 15:00-19:00:,
2026-07-01T01:00:36.570Z,TDS,464,情報なし,
2026-07-01T01:00:36.570Z,TDS,152,運営中,60
2026-07-01T01:00:36.570Z,TDS,158,運営中,5
2026-07-01T01:00:36.570Z,TDS,171,運営中,20
2026-07-01T01:00:36.570Z,TDS,139,運営中,5
2026-07-01T01:00:36.570Z,TDS,146,運営中,20
2026-07-01T01:15:20.982Z,TDL,122,運営中,5
2026-07-01T01:15:20.982Z,TDL,121,情報なし,
2026-07-01T01:15:20.982Z,TDL,107,運営中,5
2026-07-01T01:15:20.982Z,TDL,104,運営中,20
2026-07-01T01:15:20.982Z,TDL,407,案内終了 10:00-19:00:準備中,
2026-07-01T01:15:20.982Z,TDL,394,運営中,20
2026-07-01T01:15:20.982Z,TDL,395,運営中,25
2026-07-01T01:15:20.982Z,TDL,101,運営中,5
2026-07-01T01:15:20.982Z,TDL,102,運営中,20
2026-07-01T01:15:20.982Z,TDL,108,運営中,15
2026-07-01T01:15:20.982Z,TDL,128,一時運営中止,
2026-07-01T01:15:20.982Z,TDL,119,運営中,15
2026-07-01T01:15:20.982Z,TDL,174,運営中,5
2026-07-01T01:15:20.982Z,TDL,406,案内終了 12:00-18:00:案内終了,
2026-07-01T01:15:20.982Z,TDL,167,運営中,5
2026-07-01T01:15:20.982Z,TDL,366,運営中,25
2026-07-01T01:15:20.982Z,TDL,105,情報なし,
2026-07-01T01:15:20.982Z,TDL,132,運営中,20
2026-07-01T01:15:20.982Z,TDL,392,案内終了,
2026-07-01T01:15:20.982Z,TDL,112,運営中,60
2026-07-01T01:15:20.982Z,TDL,133,案内終了,
2026-07-01T01:15:20.982Z,TDL,127,運営中,5
2026-07-01T01:15:20.982Z,TDL,340,運営中,
2026-07-01T01:15:20.982Z,TDL,111,運営中,5
2026-07-01T01:15:20.982Z,TDL,129,運営中,5
2026-07-01T01:15:20.982Z,TDL,134,案内終了,
2026-07-01T01:15:20.982Z,TDL,113,情報なし,
2026-07-01T01:15:20.982Z,TDL,110,運営中,40
2026-07-01T01:15:20.982Z,TDL,114,運営中,30
2026-07-01T01:15:20.982Z,TDL,117,運営中,15
2026-07-01T01:15:20.982Z,TDL,123,情報なし,
2026-07-01T01:15:20.982Z,TDL,403,案内終了,
2026-07-01T01:15:20.982Z,TDL,408,運営・公演中止 10:30-13:00:案内終了 14:10-17:00:案内終了,
2026-07-01T01:15:20.982Z,TDL,414,運営中,120
2026-07-01T01:15:20.982Z,TDL,300,運営中,
2026-07-01T01:15:20.982Z,TDL,120,運営中,25
2026-07-01T01:15:20.982Z,TDL,116,運営中,5
2026-07-01T01:15:20.982Z,TDL,126,運営中,30
2026-07-01T01:15:20.982Z,TDL,409,案内終了 9:00-21:00:,
2026-07-01T01:15:20.982Z,TDL,125,運営中,5
2026-07-01T01:15:20.982Z,TDL,352,案内終了,
2026-07-01T01:15:20.982Z,TDL,351,運営・公演中止,
2026-07-01T01:15:20.982Z,TDL,163,情報なし,
2026-07-01T01:15:20.982Z,TDL,124,運営中,30
2026-07-01T01:15:20.982Z,TDL,118,情報なし,
2026-07-01T01:15:20.982Z,TDL,109,運営中,5
2026-07-01T01:15:20.982Z,TDL,115,運営中,25
2026-07-01T01:15:20.982Z,TDL,100,一時運営中止,
2026-07-01T01:15:20.982Z,TDL,106,運営中,10
2026-07-01T01:15:20.982Z,TDS,165,運営中,50
2026-07-01T01:15:20.982Z,TDS,467,情報なし 9:00-12:00:案内終了 12:55-15:55:案内終了,
2026-07-01T01:15:20.982Z,TDS,148,運営中,30
2026-07-01T01:15:20.982Z,TDS,465,運営中,180
2026-07-01T01:15:20.982Z,TDS,360,案内終了,
2026-07-01T01:15:20.982Z,TDS,162,案内終了,
2026-07-01T01:15:20.982Z,TDS,350,運営中,
2026-07-01T01:15:20.982Z,TDS,150,情報なし,
2026-07-01T01:15:20.982Z,TDS,362,案内終了,
2026-07-01T01:15:20.982Z,TDS,454,運営・公演中止 9:00-12:00:案内終了 12:55-15:55:案内終了,
2026-07-01T01:15:20.982Z,TDS,413,案内終了,
2026-07-01T01:15:20.982Z,TDS,161,運営中,5
2026-07-01T01:15:20.982Z,TDS,363,案内終了,
2026-07-01T01:15:20.982Z,TDS,159,運営中,5
2026-07-01T01:15:20.982Z,TDS,172,運営中,10
2026-07-01T01:15:20.982Z,TDS,156,運営中,10
2026-07-01T01:15:20.982Z,TDS,154,運営中,10
2026-07-01T01:15:20.982Z,TDS,145,運営中,160
2026-07-01T01:15:20.982Z,TDS,405,運営中,180
2026-07-01T01:15:20.982Z,TDS,164,運営中,20
2026-07-01T01:15:20.982Z,TDS,144,運営中,120
2026-07-01T01:15:20.982Z,TDS,358,運営中,45
2026-07-01T01:15:20.982Z,TDS,149,運営中,5
2026-07-01T01:15:20.982Z,TDS,142,運営中,25
2026-07-01T01:15:20.982Z,TDS,151,運営中,5
2026-07-01T01:15:20.982Z,TDS,143,運営中,5
2026-07-01T01:15:20.982Z,TDS,138,運営中,30
2026-07-01T01:15:20.982Z,TDS,173,運営中,120
2026-07-01T01:15:20.982Z,TDS,410,案内終了 9:20-16:50:案内終了,
2026-07-01T01:15:20.982Z,TDS,398,運営中,30
2026-07-01T01:15:20.982Z,TDS,141,運営中,5
2026-07-01T01:15:20.982Z,TDS,466,運営中,80
2026-07-01T01:15:20.982Z,TDS,462,運営中,
2026-07-01T01:15:20.982Z,TDS,463,運営中,50
2026-07-01T01:15:20.982Z,TDS,140,情報なし,
2026-07-01T01:15:20.982Z,TDS,153,運営中,15
2026-07-01T01:15:20.982Z,TDS,411,案内終了 11:30-15:30:エントリー受付は終了しました,
2026-07-01T01:15:20.982Z,TDS,157,運営中,10
2026-07-01T01:15:20.982Z,TDS,155,情報なし,
2026-07-01T01:15:20.982Z,TDS,412,案内終了 11:00-18:20:案内終了,
2026-07-01T01:15:20.982Z,TDS,160,運営中,15
2026-07-01T01:15:20.982Z,TDS,170,案内終了 8:15-21:15:案内終了,
2026-07-01T01:15:20.982Z,TDS,168,運営中,60
2026-07-01T01:15:20.982Z,TDS,169,運営中,40
2026-07-01T01:15:20.982Z,TDS,400,案内終了,
2026-07-01T01:15:20.982Z,TDS,404,案内終了,
2026-07-01T01:15:20.982Z,TDS,401,案内終了 9:30-13:30: 15:00-19:00:,
2026-07-01T01:15:20.982Z,TDS,402,案内終了 9:30-13:30: 15:00-19:00:,
2026-07-01T01:15:20.982Z,TDS,464,情報なし,
2026-07-01T01:15:20.982Z,TDS,152,運営中,80
2026-07-01T01:15:20.982Z,TDS,158,運営中,5
2026-07-01T01:15:20.982Z,TDS,171,運営中,50
2026-07-01T01:15:20.982Z,TDS,139,運営中,5
2026-07-01T01:15:20.982Z,TDS,146,運営中,50
2026-07-01T01:30:28.146Z,TDL,122,運営中,10
2026-07-01T01:30:28.146Z,TDL,121,情報なし,
2026-07-01T01:30:28.146Z,TDL,107,運営中,5
2026-07-01T01:30:28.146Z,TDL,104,運営中,25
2026-07-01T01:30:28.146Z,TDL,407,案内終了 10:00-19:00:準備中,
2026-07-01T01:30:28.146Z,TDL,394,運営中,20
2026-07-01T01:30:28.146Z,TDL,395,運営中,25
2026-07-01T01:30:28.146Z,TDL,101,運営中,5
2026-07-01T01:30:28.146Z,TDL,102,運営中,25
2026-07-01T01:30:28.146Z,TDL,108,運営中,15
2026-07-01T01:30:28.146Z,TDL,128,運営中,5
2026-07-01T01:30:28.146Z,TDL,119,運営中,15
2026-07-01T01:30:28.146Z,TDL,174,運営中,10
2026-07-01T01:30:28.146Z,TDL,406,案内終了 12:00-18:00:案内終了,
2026-07-01T01:30:28.146Z,TDL,167,運営中,5
2026-07-01T01:30:28.146Z,TDL,366,運営中,25
2026-07-01T01:30:28.146Z,TDL,105,情報なし,
2026-07-01T01:30:28.146Z,TDL,132,運営中,15
2026-07-01T01:30:28.146Z,TDL,392,案内終了,
2026-07-01T01:30:28.146Z,TDL,112,運営中,70
2026-07-01T01:30:28.146Z,TDL,133,案内終了,
2026-07-01T01:30:28.146Z,TDL,127,運営中,5
2026-07-01T01:30:28.146Z,TDL,340,運営中,
2026-07-01T01:30:28.146Z,TDL,111,運営中,5
2026-07-01T01:30:28.146Z,TDL,129,運営中,5
2026-07-01T01:30:28.146Z,TDL,134,案内終了,
2026-07-01T01:30:28.146Z,TDL,113,情報なし,
2026-07-01T01:30:28.146Z,TDL,110,運営中,50
2026-07-01T01:30:28.146Z,TDL,114,運営中,30
2026-07-01T01:30:28.146Z,TDL,117,運営中,10
2026-07-01T01:30:28.146Z,TDL,123,情報なし,
2026-07-01T01:30:28.146Z,TDL,403,案内終了,
2026-07-01T01:30:28.146Z,TDL,408,運営・公演中止 10:30-13:00:案内終了 14:10-17:00:案内終了,
2026-07-01T01:30:28.146Z,TDL,414,運営中,100
2026-07-01T01:30:28.146Z,TDL,300,運営中,
2026-07-01T01:30:28.146Z,TDL,120,運営中,20
2026-07-01T01:30:28.146Z,TDL,116,運営中,5
2026-07-01T01:30:28.146Z,TDL,126,運営中,25
2026-07-01T01:30:28.146Z,TDL,409,案内終了 9:00-21:00:,
2026-07-01T01:30:28.146Z,TDL,125,運営中,5
2026-07-01T01:30:28.146Z,TDL,352,案内終了,
2026-07-01T01:30:28.146Z,TDL,351,運営・公演中止,
2026-07-01T01:30:28.146Z,TDL,163,情報なし,
2026-07-01T01:30:28.146Z,TDL,124,運営中,25
2026-07-01T01:30:28.146Z,TDL,118,情報なし,
2026-07-01T01:30:28.146Z,TDL,109,運営中,5
2026-07-01T01:30:28.146Z,TDL,115,運営中,20
2026-07-01T01:30:28.146Z,TDL,100,一時運営中止,
2026-07-01T01:30:28.146Z,TDL,106,運営中,10
2026-07-01T01:30:28.146Z,TDS,165,運営中,30
2026-07-01T01:30:28.146Z,TDS,467,情報なし 9:00-12:00:案内終了 12:55-15:55:案内終了,
2026-07-01T01:30:28.146Z,TDS,148,運営中,40
2026-07-01T01:30:28.146Z,TDS,465,運営中,160
2026-07-01T01:30:28.146Z,TDS,360,案内終了,
2026-07-01T01:30:28.146Z,TDS,162,案内終了,
2026-07-01T01:30:28.146Z,TDS,350,運営中,
2026-07-01T01:30:28.146Z,TDS,150,情報なし,
2026-07-01T01:30:28.146Z,TDS,362,案内終了,
2026-07-01T01:30:28.146Z,TDS,454,運営・公演中止 9:00-12:00:案内終了 12:55-15:55:案内終了,
2026-07-01T01:30:28.146Z,TDS,413,案内終了,
2026-07-01T01:30:28.146Z,TDS,161,運営中,5
2026-07-01T01:30:28.146Z,TDS,363,案内終了,
2026-07-01T01:30:28.146Z,TDS,159,運営中,5
2026-07-01T01:30:28.146Z,TDS,172,運営中,20
2026-07-01T01:30:28.146Z,TDS,156,運営中,10
2026-07-01T01:30:28.146Z,TDS,154,運営中,20
2026-07-01T01:30:28.146Z,TDS,145,運営中,160
2026-07-01T01:30:28.146Z,TDS,405,運営中,140
2026-07-01T01:30:28.146Z,TDS,164,運営中,25
2026-07-01T01:30:28.146Z,TDS,144,運営中,140
2026-07-01T01:30:28.146Z,TDS,358,運営中,40
2026-07-01T01:30:28.146Z,TDS,149,運営中,5
2026-07-01T01:30:28.146Z,TDS,142,運営中,25
2026-07-01T01:30:28.146Z,TDS,151,運営中,5
2026-07-01T01:30:28.146Z,TDS,143,運営中,5
2026-07-01T01:30:28.146Z,TDS,138,運営中,25
2026-07-01T01:30:28.146Z,TDS,173,運営中,120
2026-07-01T01:30:28.146Z,TDS,410,案内終了 9:20-16:50:案内終了,
2026-07-01T01:30:28.146Z,TDS,398,運営中,40
2026-07-01T01:30:28.146Z,TDS,141,運営中,5
2026-07-01T01:30:28.146Z,TDS,466,運営中,80
2026-07-01T01:30:28.146Z,TDS,462,運営中,
2026-07-01T01:30:28.146Z,TDS,463,運営中,50
2026-07-01T01:30:28.146Z,TDS,140,情報なし,
2026-07-01T01:30:28.146Z,TDS,153,運営中,20
2026-07-01T01:30:28.146Z,TDS,411,案内終了 11:30-15:30:エントリー受付は終了しました,
2026-07-01T01:30:28.146Z,TDS,157,運営中,25
2026-07-01T01:30:28.146Z,TDS,155,情報なし,
2026-07-01T01:30:28.146Z,TDS,412,案内終了 11:00-18:20:案内終了,
2026-07-01T01:30:28.146Z,TDS,160,運営中,15
2026-07-01T01:30:28.146Z,TDS,170,案内終了 8:15-21:15:案内終了,
2026-07-01T01:30:28.146Z,TDS,168,運営中,50
2026-07-01T01:30:28.146Z,TDS,169,運営中,40
2026-07-01T01:30:28.146Z,TDS,400,案内終了,
2026-07-01T01:30:28.146Z,TDS,404,案内終了,
2026-07-01T01:30:28.146Z,TDS,401,案内終了 9:30-13:30: 15:00-19:00:,
2026-07-01T01:30:28.146Z,TDS,402,案内終了 9:30-13:30: 15:00-19:00:,
2026-07-01T01:30:28.146Z,TDS,464,情報なし,
2026-07-01T01:30:28.146Z,TDS,152,運営中,120
2026-07-01T01:30:28.146Z,TDS,158,運営中,5
2026-07-01T01:30:28.146Z,TDS,171,運営中,50
2026-07-01T01:30:28.146Z,TDS,139,運営中,5
2026-07-01T01:30:28.146Z,TDS,146,運営中,50
2026-07-01T01:45:18.992Z,TDL,122,運営中,10
2026-07-01T01:45:18.992Z,TDL,121,情報なし,
2026-07-01T01:45:18.992Z,TDL,107,運営中,5
2026-07-01T01:45:18.992Z,TDL,104,運営中,25
2026-07-01T01:45:18.992Z,TDL,407,案内終了 10:00-19:00:準備中,
2026-07-01T01:45:18.992Z,TDL,394,運営中,20
2026-07-01T01:45:18.992Z,TDL,395,運営中,20
2026-07-01T01:45:18.992Z,TDL,101,運営中,10
2026-07-01T01:45:18.992Z,TDL,102,運営中,25
2026-07-01T01:45:18.992Z,TDL,108,運営中,15
2026-07-01T01:45:18.992Z,TDL,128,運営中,15
2026-07-01T01:45:18.992Z,TDL,119,運営中,20
2026-07-01T01:45:18.992Z,TDL,174,運営中,5
2026-07-01T01:45:18.992Z,TDL,406,案内終了 12:00-18:00:案内終了,
2026-07-01T01:45:18.992Z,TDL,167,運営中,25
2026-07-01T01:45:18.992Z,TDL,366,運営中,25
2026-07-01T01:45:18.992Z,TDL,105,情報なし,
2026-07-01T01:45:18.992Z,TDL,132,運営中,20
2026-07-01T01:45:18.992Z,TDL,392,案内終了,
2026-07-01T01:45:18.992Z,TDL,112,運営中,70
2026-07-01T01:45:18.992Z,TDL,133,案内終了,
2026-07-01T01:45:18.992Z,TDL,127,運営中,5
2026-07-01T01:45:18.992Z,TDL,340,運営中,
2026-07-01T01:45:18.992Z,TDL,111,運営中,5
2026-07-01T01:45:18.992Z,TDL,129,運営中,5
2026-07-01T01:45:18.992Z,TDL,134,案内終了,
2026-07-01T01:45:18.992Z,TDL,113,情報なし,
2026-07-01T01:45:18.992Z,TDL,110,運営中,60
2026-07-01T01:45:18.992Z,TDL,114,運営中,30
2026-07-01T01:45:18.992Z,TDL,117,運営中,10
2026-07-01T01:45:18.992Z,TDL,123,情報なし,
2026-07-01T01:45:18.992Z,TDL,403,案内終了,
2026-07-01T01:45:18.992Z,TDL,408,運営・公演中止 10:30-13:00:案内終了 14:10-17:00:案内終了,
2026-07-01T01:45:18.992Z,TDL,414,運営中,100
2026-07-01T01:45:18.992Z,TDL,300,運営中,
2026-07-01T01:45:18.992Z,TDL,120,運営中,25
2026-07-01T01:45:18.992Z,TDL,116,運営中,5
2026-07-01T01:45:18.992Z,TDL,126,運営中,35
2026-07-01T01:45:18.992Z,TDL,409,案内終了 9:00-21:00:,
2026-07-01T01:45:18.992Z,TDL,125,運営中,5
2026-07-01T01:45:18.992Z,TDL,352,案内終了,
2026-07-01T01:45:18.992Z,TDL,351,運営・公演中止,
2026-07-01T01:45:18.992Z,TDL,163,情報なし,
2026-07-01T01:45:18.992Z,TDL,124,運営中,25
2026-07-01T01:45:18.992Z,TDL,118,情報なし,
2026-07-01T01:45:18.992Z,TDL,109,運営中,5
2026-07-01T01:45:18.992Z,TDL,115,運営中,30
2026-07-01T01:45:18.992Z,TDL,100,運営中,50
2026-07-01T01:45:18.992Z,TDL,106,運営中,10
2026-07-01T01:45:18.992Z,TDS,165,運営中,40
2026-07-01T01:45:18.992Z,TDS,467,情報なし 9:00-12:00:案内終了 12:55-15:55:案内終了,
2026-07-01T01:45:18.992Z,TDS,148,運営中,50
2026-07-01T01:45:18.992Z,TDS,465,運営中,160
2026-07-01T01:45:18.992Z,TDS,360,案内終了,
2026-07-01T01:45:18.992Z,TDS,162,案内終了,
2026-07-01T01:45:18.992Z,TDS,350,運営中,
2026-07-01T01:45:18.992Z,TDS,150,情報なし,
2026-07-01T01:45:18.992Z,TDS,362,案内終了,
2026-07-01T01:45:18.992Z,TDS,454,運営・公演中止 9:00-12:00:案内終了 12:55-15:55:案内終了,
2026-07-01T01:45:18.992Z,TDS,413,案内終了,
2026-07-01T01:45:18.992Z,TDS,161,運営中,5
2026-07-01T01:45:18.992Z,TDS,363,案内終了,
2026-07-01T01:45:18.992Z,TDS,159,運営中,5
2026-07-01T01:45:18.992Z,TDS,172,運営中,25
2026-07-01T01:45:18.992Z,TDS,156,運営中,15
2026-07-01T01:45:18.992Z,TDS,154,運営中,25
2026-07-01T01:45:18.992Z,TDS,145,運営中,160
2026-07-01T01:45:18.992Z,TDS,405,運営中,140
2026-07-01T01:45:18.992Z,TDS,164,運営中,40
2026-07-01T01:45:18.992Z,TDS,144,運営中,140
2026-07-01T01:45:18.992Z,TDS,358,運営中,45
2026-07-01T01:45:18.992Z,TDS,149,運営中,5
2026-07-01T01:45:18.992Z,TDS,142,運営中,30
2026-07-01T01:45:18.992Z,TDS,151,運営中,5
2026-07-01T01:45:18.992Z,TDS,143,運営中,5
2026-07-01T01:45:18.992Z,TDS,138,運営中,25
2026-07-01T01:45:18.992Z,TDS,173,運営中,140
2026-07-01T01:45:18.992Z,TDS,410,案内終了 9:20-16:50:案内終了,
2026-07-01T01:45:18.992Z,TDS,398,運営中,40
2026-07-01T01:45:18.992Z,TDS,141,運営中,5
2026-07-01T01:45:18.992Z,TDS,466,運営中,70
2026-07-01T01:45:18.992Z,TDS,462,運営中,
2026-07-01T01:45:18.992Z,TDS,463,運営中,60
2026-07-01T01:45:18.992Z,TDS,140,情報なし,
2026-07-01T01:45:18.992Z,TDS,153,運営中,30
2026-07-01T01:45:18.992Z,TDS,411,案内終了 11:30-15:30:エントリー受付は終了しました,
2026-07-01T01:45:18.992Z,TDS,157,運営中,25
2026-07-01T01:45:18.992Z,TDS,155,情報なし,
2026-07-01T01:45:18.992Z,TDS,412,案内終了 11:00-18:20:案内終了,
2026-07-01T01:45:18.992Z,TDS,160,運営中,15
2026-07-01T01:45:18.992Z,TDS,170,案内終了 8:15-21:15:案内終了,
2026-07-01T01:45:18.992Z,TDS,168,運営中,40
2026-07-01T01:45:18.992Z,TDS,169,運営中,30
2026-07-01T01:45:18.992Z,TDS,400,案内終了,
2026-07-01T01:45:18.992Z,TDS,404,案内終了,
2026-07-01T01:45:18.992Z,TDS,401,案内終了 9:30-13:30: 15:00-19:00:,
2026-07-01T01:45:18.992Z,TDS,402,案内終了 9:30-13:30: 15:00-19:00:,
2026-07-01T01:45:18.992Z,TDS,464,情報なし,
2026-07-01T01:45:18.992Z,TDS,152,運営中,120
2026-07-01T01:45:18.992Z,TDS,158,運営中,20
2026-07-01T01:45:18.992Z,TDS,171,運営中,40
2026-07-01T01:45:18.992Z,TDS,139,運営中,5
2026-07-01T01:45:18.992Z,TDS,146,運営中,60
2026-07-01T02:00:34.440Z,TDL,122,運営中,10
2026-07-01T02:00:34.440Z,TDL,121,情報なし,
2026-07-01T02:00:34.440Z,TDL,107,運営中,5
2026-07-01T02:00:34.440Z,TDL,104,運営中,25
2026-07-01T02:00:34.440Z,TDL,407,案内終了 10:00-19:00:準備中,
2026-07-01T02:00:34.440Z,TDL,394,運営中,20
2026-07-01T02:00:34.440Z,TDL,395,運営中,35
2026-07-01T02:00:34.440Z,TDL,101,運営中,10
2026-07-01T02:00:34.440Z,TDL,102,運営中,20
2026-07-01T02:00:34.440Z,TDL,108,運営中,15
2026-07-01T02:00:34.440Z,TDL,128,運営中,15
2026-07-01T02:00:34.440Z,TDL,119,運営中,20
2026-07-01T02:00:34.440Z,TDL,174,運営中,10
2026-07-01T02:00:34.440Z,TDL,406,案内終了 12:00-18:00:案内終了,
2026-07-01T02:00:34.440Z,TDL,167,運営中,20
2026-07-01T02:00:34.440Z,TDL,366,運営中,30
2026-07-01T02:00:34.440Z,TDL,105,情報なし,
2026-07-01T02:00:34.440Z,TDL,132,運営中,20
2026-07-01T02:00:34.440Z,TDL,392,案内終了,
2026-07-01T02:00:34.440Z,TDL,112,運営中,70
2026-07-01T02:00:34.440Z,TDL,133,案内終了,
2026-07-01T02:00:34.440Z,TDL,127,運営中,5
2026-07-01T02:00:34.440Z,TDL,340,運営中,
2026-07-01T02:00:34.440Z,TDL,111,運営中,5
2026-07-01T02:00:34.440Z,TDL,129,運営中,5
2026-07-01T02:00:34.440Z,TDL,134,案内終了,
2026-07-01T02:00:34.440Z,TDL,113,情報なし,
2026-07-01T02:00:34.440Z,TDL,110,運営中,60
2026-07-01T02:00:34.440Z,TDL,114,運営中,30
2026-07-01T02:00:34.440Z,TDL,117,運営中,20
2026-07-01T02:00:34.440Z,TDL,123,情報なし,
2026-07-01T02:00:34.440Z,TDL,403,案内終了,
2026-07-01T02:00:34.440Z,TDL,408,運営・公演中止 10:30-13:00:案内終了 14:10-17:00:案内終了,
2026-07-01T02:00:34.440Z,TDL,414,運営中,100
2026-07-01T02:00:34.440Z,TDL,300,運営中,
2026-07-01T02:00:34.440Z,TDL,120,運営中,30
2026-07-01T02:00:34.440Z,TDL,116,運営中,5
2026-07-01T02:00:34.440Z,TDL,126,運営中,35
2026-07-01T02:00:34.440Z,TDL,409,案内終了 9:00-21:00:,
2026-07-01T02:00:34.440Z,TDL,125,運営中,5
2026-07-01T02:00:34.440Z,TDL,352,案内終了,
2026-07-01T02:00:34.440Z,TDL,351,運営・公演中止,
2026-07-01T02:00:34.440Z,TDL,163,情報なし,
2026-07-01T02:00:34.440Z,TDL,124,運営中,25
2026-07-01T02:00:34.440Z,TDL,118,情報なし,
2026-07-01T02:00:34.440Z,TDL,109,運営中,5
2026-07-01T02:00:34.440Z,TDL,115,運営中,25
2026-07-01T02:00:34.440Z,TDL,100,運営中,90
2026-07-01T02:00:34.440Z,TDL,106,運営中,10
2026-07-01T02:00:34.440Z,TDS,165,運営中,40
2026-07-01T02:00:34.440Z,TDS,467,情報なし 9:00-12:00:案内終了 12:55-15:55:案内終了,
2026-07-01T02:00:34.440Z,TDS,148,運営中,50
2026-07-01T02:00:34.440Z,TDS,465,運営中,160
2026-07-01T02:00:34.440Z,TDS,360,案内終了,
2026-07-01T02:00:34.440Z,TDS,162,案内終了,
2026-07-01T02:00:34.440Z,TDS,350,運営中,
2026-07-01T02:00:34.440Z,TDS,150,情報なし,
2026-07-01T02:00:34.440Z,TDS,362,案内終了,
2026-07-01T02:00:34.440Z,TDS,454,運営・公演中止 9:00-12:00:案内終了 12:55-15:55:案内終了,
2026-07-01T02:00:34.440Z,TDS,413,案内終了,
2026-07-01T02:00:34.440Z,TDS,161,運営中,5
2026-07-01T02:00:34.440Z,TDS,363,案内終了,
2026-07-01T02:00:34.440Z,TDS,159,運営中,5
2026-07-01T02:00:34.440Z,TDS,172,運営中,25
2026-07-01T02:00:34.440Z,TDS,156,運営中,25
2026-07-01T02:00:34.440Z,TDS,154,運営中,20
2026-07-01T02:00:34.440Z,TDS,145,運営中,180
2026-07-01T02:00:34.440Z,TDS,405,運営中,160
2026-07-01T02:00:34.440Z,TDS,164,運営中,30
2026-07-01T02:00:34.440Z,TDS,144,運営中,160
2026-07-01T02:00:34.440Z,TDS,358,運営中,45
2026-07-01T02:00:34.440Z,TDS,149,運営中,5
2026-07-01T02:00:34.440Z,TDS,142,運営中,25
2026-07-01T02:00:34.440Z,TDS,151,運営中,5
2026-07-01T02:00:34.440Z,TDS,143,運営中,5
2026-07-01T02:00:34.440Z,TDS,138,運営中,25
2026-07-01T02:00:34.440Z,TDS,173,運営中,140
2026-07-01T02:00:34.440Z,TDS,410,案内終了 9:20-16:50:案内終了,
2026-07-01T02:00:34.440Z,TDS,398,運営中,40
2026-07-01T02:00:34.440Z,TDS,141,運営中,5
2026-07-01T02:00:34.440Z,TDS,466,運営中,80
2026-07-01T02:00:34.440Z,TDS,462,運営中,
2026-07-01T02:00:34.440Z,TDS,463,運営中,60
2026-07-01T02:00:34.440Z,TDS,140,情報なし,
2026-07-01T02:00:34.440Z,TDS,153,運営中,30
2026-07-01T02:00:34.440Z,TDS,411,案内終了 11:30-15:30:エントリー受付は終了しました,
2026-07-01T02:00:34.440Z,TDS,157,運営中,30
2026-07-01T02:00:34.440Z,TDS,155,情報なし,
2026-07-01T02:00:34.440Z,TDS,412,案内終了 11:00-18:20:案内終了,
2026-07-01T02:00:34.440Z,TDS,160,運営中,15
2026-07-01T02:00:34.440Z,TDS,170,案内終了 8:15-21:15:案内終了,
2026-07-01T02:00:34.440Z,TDS,168,運営中,40
2026-07-01T02:00:34.440Z,TDS,169,運営中,30
2026-07-01T02:00:34.440Z,TDS,400,案内終了,
2026-07-01T02:00:34.440Z,TDS,404,案内終了,
2026-07-01T02:00:34.440Z,TDS,401,案内終了 9:30-13:30: 15:00-19:00:,
2026-07-01T02:00:34.440Z,TDS,402,案内終了 9:30-13:30: 15:00-19:00:,
2026-07-01T02:00:34.440Z,TDS,464,情報なし,
2026-07-01T02:00:34.440Z,TDS,152,運営中,100
2026-07-01T02:00:34.440Z,TDS,158,運営中,20
2026-07-01T02:00:34.440Z,TDS,171,運営中,40
2026-07-01T02:00:34.440Z,TDS,139,運営中,5
2026-07-01T02:00:34.440Z,TDS,146,運営中,60
2026-07-01T02:15:20.772Z,TDL,122,運営中,10
2026-07-01T02:15:20.772Z,TDL,121,情報なし,
2026-07-01T02:15:20.772Z,TDL,107,運営中,5
2026-07-01T02:15:20.772Z,TDL,104,運営中,25
2026-07-01T02:15:20.772Z,TDL,407,案内終了 10:00-19:00:準備中,
2026-07-01T02:15:20.772Z,TDL,394,運営中,20
2026-07-01T02:15:20.772Z,TDL,395,運営中,35
2026-07-01T02:15:20.772Z,TDL,101,運営中,10
2026-07-01T02:15:20.772Z,TDL,102,運営中,15
2026-07-01T02:15:20.772Z,TDL,108,運営中,15
2026-07-01T02:15:20.772Z,TDL,128,運営中,25
2026-07-01T02:15:20.772Z,TDL,119,運営中,20
2026-07-01T02:15:20.772Z,TDL,174,運営中,10
2026-07-01T02:15:20.772Z,TDL,406,案内終了 12:00-18:00:案内終了,
2026-07-01T02:15:20.772Z,TDL,167,運営中,15
2026-07-01T02:15:20.772Z,TDL,366,運営中,25
2026-07-01T02:15:20.772Z,TDL,105,情報なし,
2026-07-01T02:15:20.772Z,TDL,132,運営中,10
2026-07-01T02:15:20.772Z,TDL,392,案内終了,
2026-07-01T02:15:20.772Z,TDL,112,運営中,70
2026-07-01T02:15:20.772Z,TDL,133,案内終了,
2026-07-01T02:15:20.772Z,TDL,127,運営中,5
2026-07-01T02:15:20.772Z,TDL,340,運営中,
2026-07-01T02:15:20.772Z,TDL,111,運営中,5
2026-07-01T02:15:20.772Z,TDL,129,運営中,5
2026-07-01T02:15:20.772Z,TDL,134,案内終了,
2026-07-01T02:15:20.772Z,TDL,113,情報なし,
2026-07-01T02:15:20.772Z,TDL,110,運営中,70
2026-07-01T02:15:20.772Z,TDL,114,運営中,30
2026-07-01T02:15:20.772Z,TDL,117,運営中,15
2026-07-01T02:15:20.772Z,TDL,123,情報なし,
2026-07-01T02:15:20.772Z,TDL,403,案内終了,
2026-07-01T02:15:20.772Z,TDL,408,運営・公演中止 10:30-13:00:案内終了 14:10-17:00:案内終了,
2026-07-01T02:15:20.772Z,TDL,414,運営中,90
2026-07-01T02:15:20.772Z,TDL,300,運営中,
2026-07-01T02:15:20.772Z,TDL,120,運営中,30
2026-07-01T02:15:20.772Z,TDL,116,運営中,5
2026-07-01T02:15:20.772Z,TDL,126,運営中,45
2026-07-01T02:15:20.772Z,TDL,409,案内終了 9:00-21:00:,
2026-07-01T02:15:20.772Z,TDL,125,運営中,5
2026-07-01T02:15:20.772Z,TDL,352,案内終了,
2026-07-01T02:15:20.772Z,TDL,351,運営・公演中止,
2026-07-01T02:15:20.772Z,TDL,163,情報なし,
2026-07-01T02:15:20.772Z,TDL,124,運営中,20
2026-07-01T02:15:20.772Z,TDL,118,情報なし,
2026-07-01T02:15:20.772Z,TDL,109,運営中,5
2026-07-01T02:15:20.772Z,TDL,115,運営中,25
2026-07-01T02:15:20.772Z,TDL,100,運営中,80
2026-07-01T02:15:20.772Z,TDL,106,運営中,10
2026-07-01T02:15:20.772Z,TDS,165,運営中,20
2026-07-01T02:15:20.772Z,TDS,467,情報なし 9:00-12:00:案内終了 12:55-15:55:案内終了,
2026-07-01T02:15:20.772Z,TDS,148,運営中,40
2026-07-01T02:15:20.772Z,TDS,465,運営中,160
2026-07-01T02:15:20.772Z,TDS,360,案内終了,
2026-07-01T02:15:20.772Z,TDS,162,案内終了,
2026-07-01T02:15:20.772Z,TDS,350,運営中,
2026-07-01T02:15:20.772Z,TDS,150,情報なし,
2026-07-01T02:15:20.772Z,TDS,362,案内終了,
2026-07-01T02:15:20.772Z,TDS,454,運営・公演中止 9:00-12:00:案内終了 12:55-15:55:案内終了,
2026-07-01T02:15:20.772Z,TDS,413,案内終了,
2026-07-01T02:15:20.772Z,TDS,161,運営中,5
2026-07-01T02:15:20.772Z,TDS,363,案内終了,
2026-07-01T02:15:20.772Z,TDS,159,運営中,10
2026-07-01T02:15:20.772Z,TDS,172,運営中,25
2026-07-01T02:15:20.772Z,TDS,156,運営中,25
2026-07-01T02:15:20.772Z,TDS,154,運営中,20
2026-07-01T02:15:20.772Z,TDS,145,運営中,180
2026-07-01T02:15:20.772Z,TDS,405,運営中,180
2026-07-01T02:15:20.772Z,TDS,164,運営中,40
2026-07-01T02:15:20.772Z,TDS,144,運営中,140
2026-07-01T02:15:20.772Z,TDS,358,運営中,40
2026-07-01T02:15:20.772Z,TDS,149,運営中,5
2026-07-01T02:15:20.772Z,TDS,142,運営中,20
2026-07-01T02:15:20.772Z,TDS,151,運営中,5
2026-07-01T02:15:20.772Z,TDS,143,運営中,5
2026-07-01T02:15:20.772Z,TDS,138,運営中,30
2026-07-01T02:15:20.772Z,TDS,173,運営中,140
2026-07-01T02:15:20.772Z,TDS,410,案内終了 9:20-16:50:案内終了,
2026-07-01T02:15:20.772Z,TDS,398,運営中,40
2026-07-01T02:15:20.772Z,TDS,141,運営中,5
2026-07-01T02:15:20.772Z,TDS,466,運営中,70
2026-07-01T02:15:20.772Z,TDS,462,運営中,
2026-07-01T02:15:20.772Z,TDS,463,運営中,60
2026-07-01T02:15:20.772Z,TDS,140,情報なし,
2026-07-01T02:15:20.772Z,TDS,153,運営中,30
2026-07-01T02:15:20.772Z,TDS,411,案内終了 11:30-15:30:エントリー受付は終了しました,
2026-07-01T02:15:20.772Z,TDS,157,運営中,30
2026-07-01T02:15:20.772Z,TDS,155,情報なし,
2026-07-01T02:15:20.772Z,TDS,412,案内終了 11:00-18:20:案内終了,
2026-07-01T02:15:20.772Z,TDS,160,運営中,15
2026-07-01T02:15:20.772Z,TDS,170,案内終了 8:15-21:15:案内終了,
2026-07-01T02:15:20.772Z,TDS,168,運営中,60
2026-07-01T02:15:20.772Z,TDS,169,運営中,50
2026-07-01T02:15:20.772Z,TDS,400,案内終了,
2026-07-01T02:15:20.772Z,TDS,404,案内終了,
2026-07-01T02:15:20.772Z,TDS,401,案内終了 9:30-13:30: 15:00-19:00:,
2026-07-01T02:15:20.772Z,TDS,402,案内終了 9:30-13:30: 15:00-19:00:,
2026-07-01T02:15:20.772Z,TDS,464,情報なし,
2026-07-01T02:15:20.772Z,TDS,152,運営中,90
2026-07-01T02:15:20.772Z,TDS,158,運営中,20
2026-07-01T02:15:20.772Z,TDS,171,運営中,40
2026-07-01T02:15:20.772Z,TDS,139,運営中,5
2026-07-01T02:15:20.772Z,TDS,146,運営中,70
2026-07-01T02:30:26.492Z,TDL,122,運営中,10
2026-07-01T02:30:26.492Z,TDL,121,情報なし,
2026-07-01T02:30:26.492Z,TDL,107,運営中,10
2026-07-01T02:30:26.492Z,TDL,104,運営中,15
2026-07-01T02:30:26.492Z,TDL,407,案内終了 10:00-19:00:準備中,
2026-07-01T02:30:26.492Z,TDL,394,運営中,35
2026-07-01T02:30:26.492Z,TDL,395,運営中,25
2026-07-01T02:30:26.492Z,TDL,101,運営中,10
2026-07-01T02:30:26.492Z,TDL,102,運営中,15
2026-07-01T02:30:26.492Z,TDL,108,運営中,15
2026-07-01T02:30:26.492Z,TDL,128,運営中,25
2026-07-01T02:30:26.492Z,TDL,119,運営中,15
2026-07-01T02:30:26.492Z,TDL,174,運営中,10
2026-07-01T02:30:26.492Z,TDL,406,案内終了 12:00-18:00:案内終了,
2026-07-01T02:30:26.492Z,TDL,167,運営中,15
2026-07-01T02:30:26.492Z,TDL,366,運営中,25
2026-07-01T02:30:26.492Z,TDL,105,情報なし,
2026-07-01T02:30:26.492Z,TDL,132,運営中,10
2026-07-01T02:30:26.492Z,TDL,392,案内終了,
2026-07-01T02:30:26.492Z,TDL,112,運営中,70
2026-07-01T02:30:26.492Z,TDL,133,案内終了,
2026-07-01T02:30:26.492Z,TDL,127,運営中,5
2026-07-01T02:30:26.492Z,TDL,340,運営中,
2026-07-01T02:30:26.492Z,TDL,111,運営中,5
2026-07-01T02:30:26.492Z,TDL,129,運営中,5
2026-07-01T02:30:26.492Z,TDL,134,案内終了,
2026-07-01T02:30:26.492Z,TDL,113,情報なし,
2026-07-01T02:30:26.492Z,TDL,110,運営中,70
2026-07-01T02:30:26.492Z,TDL,114,運営中,30
2026-07-01T02:30:26.492Z,TDL,117,運営中,15
2026-07-01T02:30:26.492Z,TDL,123,情報なし,
2026-07-01T02:30:26.492Z,TDL,403,案内終了,
2026-07-01T02:30:26.492Z,TDL,408,運営・公演中止 10:30-13:00:案内終了 14:10-17:00:案内終了,
2026-07-01T02:30:26.492Z,TDL,414,運営中,60
2026-07-01T02:30:26.492Z,TDL,300,運営中,
2026-07-01T02:30:26.492Z,TDL,120,運営中,25
2026-07-01T02:30:26.492Z,TDL,116,運営中,5
2026-07-01T02:30:26.492Z,TDL,126,運営中,40
2026-07-01T02:30:26.492Z,TDL,409,案内終了 9:00-21:00:,
2026-07-01T02:30:26.492Z,TDL,125,運営中,5
2026-07-01T02:30:26.492Z,TDL,352,案内終了,
2026-07-01T02:30:26.492Z,TDL,351,運営・公演中止,
2026-07-01T02:30:26.492Z,TDL,163,情報なし,
2026-07-01T02:30:26.492Z,TDL,124,運営中,20
2026-07-01T02:30:26.492Z,TDL,118,情報なし,
2026-07-01T02:30:26.492Z,TDL,109,運営中,5
2026-07-01T02:30:26.492Z,TDL,115,運営中,25
2026-07-01T02:30:26.492Z,TDL,100,運営中,60
2026-07-01T02:30:26.492Z,TDL,106,運営中,10
2026-07-01T02:30:26.492Z,TDS,165,運営中,40
2026-07-01T02:30:26.492Z,TDS,467,情報なし 9:00-12:00:案内終了 12:55-15:55:案内終了,
2026-07-01T02:30:26.492Z,TDS,148,運営中,40
2026-07-01T02:30:26.492Z,TDS,465,運営中,160
2026-07-01T02:30:26.492Z,TDS,360,案内終了,
2026-07-01T02:30:26.492Z,TDS,162,案内終了,
2026-07-01T02:30:26.492Z,TDS,350,運営中,
2026-07-01T02:30:26.492Z,TDS,150,情報なし,
2026-07-01T02:30:26.492Z,TDS,362,案内終了,
2026-07-01T02:30:26.492Z,TDS,454,運営・公演中止 9:00-12:00:案内終了 12:55-15:55:案内終了,
2026-07-01T02:30:26.492Z,TDS,413,案内終了,
2026-07-01T02:30:26.492Z,TDS,161,運営中,5
2026-07-01T02:30:26.492Z,TDS,363,案内終了,
2026-07-01T02:30:26.492Z,TDS,159,運営中,10
2026-07-01T02:30:26.492Z,TDS,172,運営中,25
2026-07-01T02:30:26.492Z,TDS,156,運営中,25
2026-07-01T02:30:26.492Z,TDS,154,運営中,20
2026-07-01T02:30:26.492Z,TDS,145,運営中,160
2026-07-01T02:30:26.492Z,TDS,405,運営中,160
2026-07-01T02:30:26.492Z,TDS,164,運営中,30
2026-07-01T02:30:26.492Z,TDS,144,運営中,140
2026-07-01T02:30:26.492Z,TDS,358,運営中,40
2026-07-01T02:30:26.492Z,TDS,149,運営中,5
2026-07-01T02:30:26.492Z,TDS,142,運営中,20
2026-07-01T02:30:26.492Z,TDS,151,運営中,5
2026-07-01T02:30:26.492Z,TDS,143,運営中,5
2026-07-01T02:30:26.492Z,TDS,138,運営中,25
2026-07-01T02:30:26.492Z,TDS,173,運営中,120
2026-07-01T02:30:26.492Z,TDS,410,案内終了 9:20-16:50:案内終了,
2026-07-01T02:30:26.492Z,TDS,398,運営中,40
2026-07-01T02:30:26.492Z,TDS,141,運営中,5
2026-07-01T02:30:26.492Z,TDS,466,運営中,80
2026-07-01T02:30:26.492Z,TDS,462,運営中,
2026-07-01T02:30:26.492Z,TDS,463,運営中,60
2026-07-01T02:30:26.492Z,TDS,140,情報なし,
2026-07-01T02:30:26.492Z,TDS,153,運営中,40
2026-07-01T02:30:26.492Z,TDS,411,案内終了 11:30-15:30:エントリー受付は終了しました,
2026-07-01T02:30:26.492Z,TDS,157,運営中,40
2026-07-01T02:30:26.492Z,TDS,155,情報なし,
2026-07-01T02:30:26.492Z,TDS,412,案内終了 11:00-18:20:案内終了,
2026-07-01T02:30:26.492Z,TDS,160,運営中,15
2026-07-01T02:30:26.492Z,TDS,170,案内終了 8:15-21:15:案内終了,
2026-07-01T02:30:26.492Z,TDS,168,運営中,40
2026-07-01T02:30:26.492Z,TDS,169,運営中,50
2026-07-01T02:30:26.492Z,TDS,400,案内終了,
2026-07-01T02:30:26.492Z,TDS,404,案内終了,
2026-07-01T02:30:26.492Z,TDS,401,案内終了 9:30-13:30: 15:00-19:00:,
2026-07-01T02:30:26.492Z,TDS,402,案内終了 9:30-13:30: 15:00-19:00:,
2026-07-01T02:30:26.492Z,TDS,464,情報なし,
2026-07-01T02:30:26.492Z,TDS,152,運営中,80
2026-07-01T02:30:26.492Z,TDS,158,運営中,25
2026-07-01T02:30:26.492Z,TDS,171,運営中,40
2026-07-01T02:30:26.492Z,TDS,139,運営中,5
2026-07-01T02:30:26.492Z,TDS,146,運営中,70
2026-07-01T02:45:18.896Z,TDL,122,運営中,10
2026-07-01T02:45:18.896Z,TDL,121,情報なし,
2026-07-01T02:45:18.896Z,TDL,107,運営中,5
2026-07-01T02:45:18.896Z,TDL,104,運営中,15
2026-07-01T02:45:18.896Z,TDL,407,案内終了 10:00-19:00:準備中,
2026-07-01T02:45:18.896Z,TDL,394,運営中,25
2026-07-01T02:45:18.896Z,TDL,395,運営中,25
2026-07-01T02:45:18.896Z,TDL,101,運営中,10
2026-07-01T02:45:18.896Z,TDL,102,運営中,15
2026-07-01T02:45:18.896Z,TDL,108,運営中,15
2026-07-01T02:45:18.896Z,TDL,128,運営中,25
2026-07-01T02:45:18.896Z,TDL,119,運営中,20
2026-07-01T02:45:18.896Z,TDL,174,運営中,15
2026-07-01T02:45:18.896Z,TDL,406,案内終了 12:00-18:00:案内終了,
2026-07-01T02:45:18.896Z,TDL,167,運営中,20
2026-07-01T02:45:18.896Z,TDL,366,運営中,25
2026-07-01T02:45:18.896Z,TDL,105,情報なし,
2026-07-01T02:45:18.896Z,TDL,132,運営中,10
2026-07-01T02:45:18.896Z,TDL,392,案内終了,
2026-07-01T02:45:18.896Z,TDL,112,運営中,50
2026-07-01T02:45:18.896Z,TDL,133,案内終了,
2026-07-01T02:45:18.896Z,TDL,127,運営中,5
2026-07-01T02:45:18.896Z,TDL,340,運営中,
2026-07-01T02:45:18.896Z,TDL,111,運営中,5
2026-07-01T02:45:18.896Z,TDL,129,運営中,5
2026-07-01T02:45:18.896Z,TDL,134,案内終了,
2026-07-01T02:45:18.896Z,TDL,113,情報なし,
2026-07-01T02:45:18.896Z,TDL,110,運営中,70
2026-07-01T02:45:18.896Z,TDL,114,運営中,30
2026-07-01T02:45:18.896Z,TDL,117,運営中,15
2026-07-01T02:45:18.896Z,TDL,123,情報なし,
2026-07-01T02:45:18.896Z,TDL,403,案内終了,
2026-07-01T02:45:18.896Z,TDL,408,運営・公演中止 10:30-13:00:案内終了 14:10-17:00:案内終了,
2026-07-01T02:45:18.896Z,TDL,414,運営中,70
2026-07-01T02:45:18.896Z,TDL,300,運営中,
2026-07-01T02:45:18.896Z,TDL,120,運営中,20
2026-07-01T02:45:18.896Z,TDL,116,運営中,5
2026-07-01T02:45:18.896Z,TDL,126,運営中,40
2026-07-01T02:45:18.896Z,TDL,409,案内終了 9:00-21:00:,
2026-07-01T02:45:18.896Z,TDL,125,運営中,5
2026-07-01T02:45:18.896Z,TDL,352,案内終了,
2026-07-01T02:45:18.896Z,TDL,351,運営・公演中止,
2026-07-01T02:45:18.896Z,TDL,163,情報なし,
2026-07-01T02:45:18.896Z,TDL,124,運営中,30
2026-07-01T02:45:18.896Z,TDL,118,情報なし,
2026-07-01T02:45:18.896Z,TDL,109,運営中,5
2026-07-01T02:45:18.896Z,TDL,115,運営中,20
2026-07-01T02:45:18.896Z,TDL,100,運営中,70
2026-07-01T02:45:18.896Z,TDL,106,運営中,10
2026-07-01T02:45:18.896Z,TDS,165,運営中,60
2026-07-01T02:45:18.896Z,TDS,467,情報なし 9:00-12:00:案内終了 12:55-15:55:案内終了,
2026-07-01T02:45:18.896Z,TDS,148,運営中,40
2026-07-01T02:45:18.896Z,TDS,465,運営中,160
2026-07-01T02:45:18.896Z,TDS,360,案内終了,
2026-07-01T02:45:18.896Z,TDS,162,案内終了,
2026-07-01T02:45:18.896Z,TDS,350,運営中,
2026-07-01T02:45:18.896Z,TDS,150,情報なし,
2026-07-01T02:45:18.896Z,TDS,362,案内終了,
2026-07-01T02:45:18.896Z,TDS,454,運営・公演中止 9:00-12:00:案内終了 12:55-15:55:案内終了,
2026-07-01T02:45:18.896Z,TDS,413,案内終了,
2026-07-01T02:45:18.896Z,TDS,161,運営中,15
2026-07-01T02:45:18.896Z,TDS,363,案内終了,
2026-07-01T02:45:18.896Z,TDS,159,運営中,10
2026-07-01T02:45:18.896Z,TDS,172,運営中,25
2026-07-01T02:45:18.896Z,TDS,156,運営中,30
2026-07-01T02:45:18.896Z,TDS,154,運営中,30
2026-07-01T02:45:18.896Z,TDS,145,運営中,140
2026-07-01T02:45:18.896Z,TDS,405,運営中,140
2026-07-01T02:45:18.896Z,TDS,164,運営中,20
2026-07-01T02:45:18.896Z,TDS,144,運営中,120
2026-07-01T02:45:18.896Z,TDS,358,運営・公演中止 9:30-12:30:案内終了 13:15-15:35:,
2026-07-01T02:45:18.896Z,TDS,149,運営中,15
2026-07-01T02:45:18.896Z,TDS,142,運営中,30
2026-07-01T02:45:18.896Z,TDS,151,運営中,5
2026-07-01T02:45:18.896Z,TDS,143,運営中,5
2026-07-01T02:45:18.896Z,TDS,138,運営中,20
2026-07-01T02:45:18.896Z,TDS,173,運営中,120
2026-07-01T02:45:18.896Z,TDS,410,案内終了 9:20-16:50:案内終了,
2026-07-01T02:45:18.896Z,TDS,398,運営中,60
2026-07-01T02:45:18.896Z,TDS,141,運営中,5
2026-07-01T02:45:18.896Z,TDS,466,運営中,70
2026-07-01T02:45:18.896Z,TDS,462,運営中,
2026-07-01T02:45:18.896Z,TDS,463,運営中,50
2026-07-01T02:45:18.896Z,TDS,140,情報なし,
2026-07-01T02:45:18.896Z,TDS,153,運営中,30
2026-07-01T02:45:18.896Z,TDS,411,案内終了 11:30-15:30:エントリー受付は終了しました,
2026-07-01T02:45:18.896Z,TDS,157,運営中,40
2026-07-01T02:45:18.896Z,TDS,155,情報なし,
2026-07-01T02:45:18.896Z,TDS,412,案内終了 11:00-18:20:案内終了,
2026-07-01T02:45:18.896Z,TDS,160,運営中,15
2026-07-01T02:45:18.896Z,TDS,170,案内終了 8:15-21:15:案内終了,
2026-07-01T02:45:18.896Z,TDS,168,運営中,50
2026-07-01T02:45:18.896Z,TDS,169,運営中,40
2026-07-01T02:45:18.896Z,TDS,400,案内終了,
2026-07-01T02:45:18.896Z,TDS,404,案内終了,
2026-07-01T02:45:18.896Z,TDS,401,案内終了 9:30-13:30: 15:00-19:00:,
2026-07-01T02:45:18.896Z,TDS,402,案内終了 9:30-13:30: 15:00-19:00:,
2026-07-01T02:45:18.896Z,TDS,464,情報なし,
2026-07-01T02:45:18.896Z,TDS,152,運営中,100
2026-07-01T02:45:18.896Z,TDS,158,運営中,30
2026-07-01T02:45:18.896Z,TDS,171,運営中,30
2026-07-01T02:45:18.896Z,TDS,139,運営中,5
2026-07-01T02:45:18.896Z,TDS,146,運営中,70
2026-07-01T03:00:38.572Z,TDL,122,運営中,10
2026-07-01T03:00:38.572Z,TDL,121,情報なし,
2026-07-01T03:00:38.572Z,TDL,107,運営中,5
2026-07-01T03:00:38.572Z,TDL,104,運営中,15
2026-07-01T03:00:38.572Z,TDL,407,案内終了 10:00-19:00:準備中,
2026-07-01T03:00:38.572Z,TDL,394,運営中,20
2026-07-01T03:00:38.572Z,TDL,395,運営中,25
2026-07-01T03:00:38.572Z,TDL,101,運営中,10
2026-07-01T03:00:38.572Z,TDL,102,運営中,10
2026-07-01T03:00:38.572Z,TDL,108,運営中,15
2026-07-01T03:00:38.572Z,TDL,128,運営中,25
2026-07-01T03:00:38.572Z,TDL,119,運営中,20
2026-07-01T03:00:38.572Z,TDL,174,運営中,15
2026-07-01T03:00:38.572Z,TDL,406,案内終了 12:00-18:00:案内終了,
2026-07-01T03:00:38.572Z,TDL,167,運営中,10
2026-07-01T03:00:38.572Z,TDL,366,運営中,20
2026-07-01T03:00:38.572Z,TDL,105,情報なし,
2026-07-01T03:00:38.572Z,TDL,132,運営中,5
2026-07-01T03:00:38.572Z,TDL,392,案内終了,
2026-07-01T03:00:38.572Z,TDL,112,運営中,50
2026-07-01T03:00:38.572Z,TDL,133,案内終了,
2026-07-01T03:00:38.572Z,TDL,127,運営中,5
2026-07-01T03:00:38.572Z,TDL,340,運営中,
2026-07-01T03:00:38.572Z,TDL,111,運営中,5
2026-07-01T03:00:38.572Z,TDL,129,運営中,5
2026-07-01T03:00:38.572Z,TDL,134,案内終了,
2026-07-01T03:00:38.572Z,TDL,113,情報なし,
2026-07-01T03:00:38.572Z,TDL,110,運営中,70
2026-07-01T03:00:38.572Z,TDL,114,運営中,30
2026-07-01T03:00:38.572Z,TDL,117,運営中,15
2026-07-01T03:00:38.572Z,TDL,123,情報なし,
2026-07-01T03:00:38.572Z,TDL,403,案内終了,
2026-07-01T03:00:38.572Z,TDL,408,運営・公演中止 10:30-13:00:案内終了 14:10-17:00:案内終了,
2026-07-01T03:00:38.572Z,TDL,414,運営中,80
2026-07-01T03:00:38.572Z,TDL,300,運営中,
2026-07-01T03:00:38.572Z,TDL,120,運営中,20
2026-07-01T03:00:38.572Z,TDL,116,運営中,5
2026-07-01T03:00:38.572Z,TDL,126,運営中,30
2026-07-01T03:00:38.572Z,TDL,409,案内終了 9:00-21:00:,
2026-07-01T03:00:38.572Z,TDL,125,運営中,5
2026-07-01T03:00:38.572Z,TDL,352,案内終了,
2026-07-01T03:00:38.572Z,TDL,351,運営・公演中止,
2026-07-01T03:00:38.572Z,TDL,163,情報なし,
2026-07-01T03:00:38.572Z,TDL,124,運営中,30
2026-07-01T03:00:38.572Z,TDL,118,情報なし,
2026-07-01T03:00:38.572Z,TDL,109,運営中,5
2026-07-01T03:00:38.572Z,TDL,115,運営中,20
2026-07-01T03:00:38.572Z,TDL,100,運営中,100
2026-07-01T03:00:38.572Z,TDL,106,運営中,10
2026-07-01T03:00:38.572Z,TDS,165,運営中,60
2026-07-01T03:00:38.572Z,TDS,467,情報なし 9:00-12:00:案内終了 12:55-15:55:案内終了,
2026-07-01T03:00:38.572Z,TDS,148,運営中,40
2026-07-01T03:00:38.572Z,TDS,465,運営中,120
2026-07-01T03:00:38.572Z,TDS,360,案内終了,
2026-07-01T03:00:38.572Z,TDS,162,案内終了,
2026-07-01T03:00:38.572Z,TDS,350,運営中,
2026-07-01T03:00:38.572Z,TDS,150,情報なし,
2026-07-01T03:00:38.572Z,TDS,362,案内終了,
2026-07-01T03:00:38.572Z,TDS,454,運営・公演中止 9:00-12:00:案内終了 12:55-15:55:案内終了,
2026-07-01T03:00:38.572Z,TDS,413,案内終了,
2026-07-01T03:00:38.572Z,TDS,161,運営中,20
2026-07-01T03:00:38.572Z,TDS,363,案内終了,
2026-07-01T03:00:38.572Z,TDS,159,運営中,10
2026-07-01T03:00:38.572Z,TDS,172,運営中,25
2026-07-01T03:00:38.572Z,TDS,156,運営中,25
2026-07-01T03:00:38.572Z,TDS,154,運営中,30
2026-07-01T03:00:38.572Z,TDS,145,運営中,140
2026-07-01T03:00:38.572Z,TDS,405,運営中,120
2026-07-01T03:00:38.572Z,TDS,164,運営中,15
2026-07-01T03:00:38.572Z,TDS,144,運営中,140
2026-07-01T03:00:38.572Z,TDS,358,運営・公演中止 9:30-12:30:案内終了 13:15-15:35:,
2026-07-01T03:00:38.572Z,TDS,149,運営中,15
2026-07-01T03:00:38.572Z,TDS,142,運営中,15
2026-07-01T03:00:38.572Z,TDS,151,運営中,5
2026-07-01T03:00:38.572Z,TDS,143,運営中,5
2026-07-01T03:00:38.572Z,TDS,138,運営中,15
2026-07-01T03:00:38.572Z,TDS,173,運営中,100
2026-07-01T03:00:38.572Z,TDS,410,案内終了 9:20-16:50:案内終了,
2026-07-01T03:00:38.572Z,TDS,398,運営中,60
2026-07-01T03:00:38.572Z,TDS,141,運営中,5
2026-07-01T03:00:38.572Z,TDS,466,運営中,60
2026-07-01T03:00:38.572Z,TDS,462,運営中,
2026-07-01T03:00:38.572Z,TDS,463,運営中,50
2026-07-01T03:00:38.572Z,TDS,140,情報なし,
2026-07-01T03:00:38.572Z,TDS,153,運営中,40
2026-07-01T03:00:38.572Z,TDS,411,案内終了 11:30-15:30:エントリー受付は終了しました,
2026-07-01T03:00:38.572Z,TDS,157,運営中,40
2026-07-01T03:00:38.572Z,TDS,155,情報なし,
2026-07-01T03:00:38.572Z,TDS,412,案内終了 11:00-18:20:案内終了,
2026-07-01T03:00:38.572Z,TDS,160,運営中,15
2026-07-01T03:00:38.572Z,TDS,170,案内終了 8:15-21:15:案内終了,
2026-07-01T03:00:38.572Z,TDS,168,運営中,50
2026-07-01T03:00:38.572Z,TDS,169,運営中,40
2026-07-01T03:00:38.572Z,TDS,400,案内終了,
2026-07-01T03:00:38.572Z,TDS,404,案内終了,
2026-07-01T03:00:38.572Z,TDS,401,案内終了 9:30-13:30: 15:00-19:00:,
2026-07-01T03:00:38.572Z,TDS,402,案内終了 9:30-13:30: 15:00-19:00:,
2026-07-01T03:00:38.572Z,TDS,464,情報なし,
2026-07-01T03:00:38.572Z,TDS,152,運営中,100
2026-07-01T03:00:38.572Z,TDS,158,運営中,30
2026-07-01T03:00:38.572Z,TDS,171,運営中,30
2026-07-01T03:00:38.572Z,TDS,139,運営中,5
2026-07-01T03:00:38.572Z,TDS,146,運営中,70
2026-07-01T03:15:22.086Z,TDL,122,運営中,5
2026-07-01T03:15:22.086Z,TDL,121,情報なし,
2026-07-01T03:15:22.086Z,TDL,107,運営中,10
2026-07-01T03:15:22.086Z,TDL,104,運営中,20
2026-07-01T03:15:22.086Z,TDL,407,案内終了 10:00-19:00:準備中,
2026-07-01T03:15:22.086Z,TDL,394,運営中,20
2026-07-01T03:15:22.086Z,TDL,395,運営中,25
2026-07-01T03:15:22.086Z,TDL,101,運営中,10
2026-07-01T03:15:22.086Z,TDL,102,運営中,10
2026-07-01T03:15:22.086Z,TDL,108,運営中,15
2026-07-01T03:15:22.086Z,TDL,128,運営中,25
2026-07-01T03:15:22.086Z,TDL,119,運営中,15
2026-07-01T03:15:22.086Z,TDL,174,運営中,15
2026-07-01T03:15:22.086Z,TDL,406,案内終了 12:00-18:00:案内終了,
2026-07-01T03:15:22.086Z,TDL,167,運営中,15
2026-07-01T03:15:22.086Z,TDL,366,運営中,20
2026-07-01T03:15:22.086Z,TDL,105,情報なし,
2026-07-01T03:15:22.086Z,TDL,132,運営中,10
2026-07-01T03:15:22.086Z,TDL,392,案内終了,
2026-07-01T03:15:22.086Z,TDL,112,運営中,70
2026-07-01T03:15:22.086Z,TDL,133,案内終了,
2026-07-01T03:15:22.086Z,TDL,127,運営中,5
2026-07-01T03:15:22.086Z,TDL,340,運営中,
2026-07-01T03:15:22.086Z,TDL,111,運営中,5
2026-07-01T03:15:22.086Z,TDL,129,運営中,5
2026-07-01T03:15:22.086Z,TDL,134,案内終了,
2026-07-01T03:15:22.086Z,TDL,113,情報なし,
2026-07-01T03:15:22.086Z,TDL,110,運営中,60
2026-07-01T03:15:22.086Z,TDL,114,運営中,30
2026-07-01T03:15:22.086Z,TDL,117,運営中,15
2026-07-01T03:15:22.086Z,TDL,123,情報なし,
2026-07-01T03:15:22.086Z,TDL,403,案内終了,
2026-07-01T03:15:22.086Z,TDL,408,運営・公演中止 10:30-13:00:案内終了 14:10-17:00:案内終了,
2026-07-01T03:15:22.086Z,TDL,414,運営中,80
2026-07-01T03:15:22.086Z,TDL,300,運営中,
2026-07-01T03:15:22.086Z,TDL,120,運営中,20
2026-07-01T03:15:22.086Z,TDL,116,運営中,5
2026-07-01T03:15:22.086Z,TDL,126,運営中,30
2026-07-01T03:15:22.086Z,TDL,409,案内終了 9:00-21:00:,
2026-07-01T03:15:22.086Z,TDL,125,運営中,5
2026-07-01T03:15:22.086Z,TDL,352,案内終了,
2026-07-01T03:15:22.086Z,TDL,351,運営・公演中止,
2026-07-01T03:15:22.086Z,TDL,163,情報なし,
2026-07-01T03:15:22.086Z,TDL,124,運営中,25
2026-07-01T03:15:22.086Z,TDL,118,情報なし,
2026-07-01T03:15:22.086Z,TDL,109,運営中,5
2026-07-01T03:15:22.086Z,TDL,115,運営中,25
2026-07-01T03:15:22.086Z,TDL,100,運営中,100
2026-07-01T03:15:22.086Z,TDL,106,運営中,10
2026-07-01T03:15:22.086Z,TDS,165,運営中,50
2026-07-01T03:15:22.086Z,TDS,467,情報なし 9:00-12:00:案内終了 12:55-15:55:案内終了,
2026-07-01T03:15:22.086Z,TDS,148,運営中,40
2026-07-01T03:15:22.086Z,TDS,465,運営中,160
2026-07-01T03:15:22.086Z,TDS,360,案内終了,
2026-07-01T03:15:22.086Z,TDS,162,案内終了,
2026-07-01T03:15:22.086Z,TDS,350,運営中,
2026-07-01T03:15:22.086Z,TDS,150,情報なし,
2026-07-01T03:15:22.086Z,TDS,362,案内終了,
2026-07-01T03:15:22.086Z,TDS,454,運営・公演中止 9:00-12:00:案内終了 12:55-15:55:案内終了,
2026-07-01T03:15:22.086Z,TDS,413,案内終了,
2026-07-01T03:15:22.086Z,TDS,161,運営中,20
2026-07-01T03:15:22.086Z,TDS,363,案内終了,
2026-07-01T03:15:22.086Z,TDS,159,運営中,10
2026-07-01T03:15:22.086Z,TDS,172,運営中,30
2026-07-01T03:15:22.086Z,TDS,156,運営中,20
2026-07-01T03:15:22.086Z,TDS,154,運営中,20
2026-07-01T03:15:22.086Z,TDS,145,運営中,160
2026-07-01T03:15:22.086Z,TDS,405,運営中,140
2026-07-01T03:15:22.086Z,TDS,164,運営中,15
2026-07-01T03:15:22.086Z,TDS,144,運営中,140
2026-07-01T03:15:22.086Z,TDS,358,運営・公演中止 9:30-12:30:案内終了 13:15-15:35:,
2026-07-01T03:15:22.086Z,TDS,149,運営中,5
2026-07-01T03:15:22.086Z,TDS,142,運営中,20
2026-07-01T03:15:22.086Z,TDS,151,運営中,5
2026-07-01T03:15:22.086Z,TDS,143,運営中,10
2026-07-01T03:15:22.086Z,TDS,138,運営中,15
2026-07-01T03:15:22.086Z,TDS,173,運営中,100
2026-07-01T03:15:22.086Z,TDS,410,案内終了 9:20-16:50:案内終了,
2026-07-01T03:15:22.086Z,TDS,398,運営中,50
2026-07-01T03:15:22.086Z,TDS,141,運営中,5
2026-07-01T03:15:22.086Z,TDS,466,運営中,70
2026-07-01T03:15:22.086Z,TDS,462,運営中,
2026-07-01T03:15:22.086Z,TDS,463,運営中,40
2026-07-01T03:15:22.086Z,TDS,140,情報なし,
2026-07-01T03:15:22.086Z,TDS,153,運営中,40
2026-07-01T03:15:22.086Z,TDS,411,案内終了 11:30-15:30:エントリー受付は終了しました,
2026-07-01T03:15:22.086Z,TDS,157,運営中,40
2026-07-01T03:15:22.086Z,TDS,155,情報なし,
2026-07-01T03:15:22.086Z,TDS,412,案内終了 11:00-18:20:案内終了,
2026-07-01T03:15:22.086Z,TDS,160,運営中,15
2026-07-01T03:15:22.086Z,TDS,170,案内終了 8:15-21:15:案内終了,
2026-07-01T03:15:22.086Z,TDS,168,運営中,50
2026-07-01T03:15:22.086Z,TDS,169,運営中,50
2026-07-01T03:15:22.086Z,TDS,400,案内終了,
2026-07-01T03:15:22.086Z,TDS,404,案内終了,
2026-07-01T03:15:22.086Z,TDS,401,案内終了 9:30-13:30: 15:00-19:00:,
2026-07-01T03:15:22.086Z,TDS,402,案内終了 9:30-13:30: 15:00-19:00:,
2026-07-01T03:15:22.086Z,TDS,464,情報なし,
2026-07-01T03:15:22.086Z,TDS,152,運営中,80
2026-07-01T03:15:22.086Z,TDS,158,運営中,30
2026-07-01T03:15:22.086Z,TDS,171,運営中,60
2026-07-01T03:15:22.086Z,TDS,139,運営中,5
2026-07-01T03:15:22.086Z,TDS,146,運営中,70
2026-07-01T03:30:27.315Z,TDL,122,運営中,5
2026-07-01T03:30:27.315Z,TDL,121,情報なし,
2026-07-01T03:30:27.315Z,TDL,107,運営中,10
2026-07-01T03:30:27.315Z,TDL,104,運営中,15
2026-07-01T03:30:27.315Z,TDL,407,案内終了 10:00-19:00:準備中,
2026-07-01T03:30:27.315Z,TDL,394,運営中,25
2026-07-01T03:30:27.315Z,TDL,395,運営中,25
2026-07-01T03:30:27.315Z,TDL,101,運営中,10
2026-07-01T03:30:27.315Z,TDL,102,運営中,10
2026-07-01T03:30:27.315Z,TDL,108,運営中,15
2026-07-01T03:30:27.315Z,TDL,128,運営中,25
2026-07-01T03:30:27.315Z,TDL,119,運営中,5
2026-07-01T03:30:27.315Z,TDL,174,運営中,15
2026-07-01T03:30:27.315Z,TDL,406,案内終了 12:00-18:00:案内終了,
2026-07-01T03:30:27.315Z,TDL,167,運営中,10
2026-07-01T03:30:27.315Z,TDL,366,運営中,20
2026-07-01T03:30:27.315Z,TDL,105,情報なし,
2026-07-01T03:30:27.315Z,TDL,132,運営中,10
2026-07-01T03:30:27.315Z,TDL,392,案内終了,
2026-07-01T03:30:27.315Z,TDL,112,運営中,60
2026-07-01T03:30:27.315Z,TDL,133,案内終了,
2026-07-01T03:30:27.315Z,TDL,127,運営中,5
2026-07-01T03:30:27.315Z,TDL,340,運営中,
2026-07-01T03:30:27.315Z,TDL,111,運営中,5
2026-07-01T03:30:27.315Z,TDL,129,運営中,5
2026-07-01T03:30:27.315Z,TDL,134,案内終了,
2026-07-01T03:30:27.315Z,TDL,113,情報なし,
2026-07-01T03:30:27.315Z,TDL,110,運営中,50
2026-07-01T03:30:27.315Z,TDL,114,運営中,40
2026-07-01T03:30:27.315Z,TDL,117,運営中,10
2026-07-01T03:30:27.315Z,TDL,123,情報なし,
2026-07-01T03:30:27.315Z,TDL,403,案内終了,
2026-07-01T03:30:27.315Z,TDL,408,運営・公演中止 10:30-13:00:案内終了 14:10-17:00:案内終了,
2026-07-01T03:30:27.315Z,TDL,414,運営中,70
2026-07-01T03:30:27.315Z,TDL,300,運営中,
2026-07-01T03:30:27.315Z,TDL,120,運営中,25
2026-07-01T03:30:27.315Z,TDL,116,運営中,5
2026-07-01T03:30:27.315Z,TDL,126,運営中,35
2026-07-01T03:30:27.315Z,TDL,409,案内終了 9:00-21:00:,
2026-07-01T03:30:27.315Z,TDL,125,運営中,5
2026-07-01T03:30:27.315Z,TDL,352,案内終了,
2026-07-01T03:30:27.315Z,TDL,351,運営・公演中止,
2026-07-01T03:30:27.315Z,TDL,163,情報なし,
2026-07-01T03:30:27.315Z,TDL,124,運営中,25
2026-07-01T03:30:27.315Z,TDL,118,情報なし,
2026-07-01T03:30:27.315Z,TDL,109,運営中,10
2026-07-01T03:30:27.315Z,TDL,115,運営中,25
2026-07-01T03:30:27.315Z,TDL,100,運営中,90
2026-07-01T03:30:27.315Z,TDL,106,運営中,10
2026-07-01T03:30:27.315Z,TDS,165,運営中,40
2026-07-01T03:30:27.315Z,TDS,467,情報なし 9:00-12:00:案内終了 12:55-15:55:案内終了,
2026-07-01T03:30:27.315Z,TDS,148,運営中,40
2026-07-01T03:30:27.315Z,TDS,465,運営中,160
2026-07-01T03:30:27.315Z,TDS,360,案内終了,
2026-07-01T03:30:27.315Z,TDS,162,案内終了,
2026-07-01T03:30:27.315Z,TDS,350,運営中,
2026-07-01T03:30:27.315Z,TDS,150,情報なし,
2026-07-01T03:30:27.315Z,TDS,362,案内終了,
2026-07-01T03:30:27.315Z,TDS,454,運営・公演中止 9:00-12:00:案内終了 12:55-15:55:案内終了,
2026-07-01T03:30:27.315Z,TDS,413,案内終了,
2026-07-01T03:30:27.315Z,TDS,161,運営中,20
2026-07-01T03:30:27.315Z,TDS,363,案内終了,
2026-07-01T03:30:27.315Z,TDS,159,運営中,20
2026-07-01T03:30:27.315Z,TDS,172,運営中,30
2026-07-01T03:30:27.315Z,TDS,156,運営中,25
2026-07-01T03:30:27.315Z,TDS,154,運営中,25
2026-07-01T03:30:27.315Z,TDS,145,運営中,160
2026-07-01T03:30:27.315Z,TDS,405,運営中,140
2026-07-01T03:30:27.315Z,TDS,164,運営中,15
2026-07-01T03:30:27.315Z,TDS,144,運営中,120
2026-07-01T03:30:27.315Z,TDS,358,運営・公演中止 9:30-12:30:案内終了 13:15-15:35:,
2026-07-01T03:30:27.315Z,TDS,149,運営中,5
2026-07-01T03:30:27.315Z,TDS,142,運営中,15
2026-07-01T03:30:27.315Z,TDS,151,運営中,5
2026-07-01T03:30:27.315Z,TDS,143,運営中,15
2026-07-01T03:30:27.315Z,TDS,138,運営中,15
2026-07-01T03:30:27.315Z,TDS,173,運営中,100
2026-07-01T03:30:27.315Z,TDS,410,案内終了 9:20-16:50:案内終了,
2026-07-01T03:30:27.315Z,TDS,398,運営中,50
2026-07-01T03:30:27.315Z,TDS,141,運営中,5
2026-07-01T03:30:27.315Z,TDS,466,運営中,70
2026-07-01T03:30:27.315Z,TDS,462,運営中,
2026-07-01T03:30:27.315Z,TDS,463,運営中,50
2026-07-01T03:30:27.315Z,TDS,140,情報なし,
2026-07-01T03:30:27.315Z,TDS,153,運営中,30
2026-07-01T03:30:27.315Z,TDS,411,案内終了 11:30-15:30:エントリー受付は終了しました,
2026-07-01T03:30:27.315Z,TDS,157,運営中,40
2026-07-01T03:30:27.315Z,TDS,155,情報なし,
2026-07-01T03:30:27.315Z,TDS,412,案内終了 11:00-18:20:案内終了,
2026-07-01T03:30:27.315Z,TDS,160,運営中,15
2026-07-01T03:30:27.315Z,TDS,170,案内終了 8:15-21:15:案内終了,
2026-07-01T03:30:27.315Z,TDS,168,運営中,40
2026-07-01T03:30:27.315Z,TDS,169,運営中,30
2026-07-01T03:30:27.315Z,TDS,400,案内終了,
2026-07-01T03:30:27.315Z,TDS,404,案内終了,
2026-07-01T03:30:27.315Z,TDS,401,案内終了 9:30-13:30: 15:00-19:00:,
2026-07-01T03:30:27.315Z,TDS,402,案内終了 9:30-13:30: 15:00-19:00:,
2026-07-01T03:30:27.315Z,TDS,464,情報なし,
2026-07-01T03:30:27.315Z,TDS,152,運営中,100
2026-07-01T03:30:27.315Z,TDS,158,運営中,40
2026-07-01T03:30:27.315Z,TDS,171,運営中,60
2026-07-01T03:30:27.315Z,TDS,139,運営中,5
2026-07-01T03:30:27.315Z,TDS,146,運営中,70
2026-07-01T03:31:10.965Z,TDL,122,運営中,5
2026-07-01T03:31:10.965Z,TDL,121,情報なし,
2026-07-01T03:31:10.965Z,TDL,107,運営中,10
2026-07-01T03:31:10.965Z,TDL,104,運営中,15
2026-07-01T03:31:10.965Z,TDL,407,案内終了 10:00-19:00:準備中,
2026-07-01T03:31:10.965Z,TDL,394,運営中,25
2026-07-01T03:31:10.965Z,TDL,395,運営中,25
2026-07-01T03:31:10.965Z,TDL,101,運営中,10
2026-07-01T03:31:10.965Z,TDL,102,運営中,10
2026-07-01T03:31:10.965Z,TDL,108,運営中,15
2026-07-01T03:31:10.965Z,TDL,128,運営中,25
2026-07-01T03:31:10.965Z,TDL,119,運営中,5
2026-07-01T03:31:10.965Z,TDL,174,運営中,15
2026-07-01T03:31:10.965Z,TDL,406,案内終了 12:00-18:00:案内終了,
2026-07-01T03:31:10.965Z,TDL,167,運営中,10
2026-07-01T03:31:10.965Z,TDL,366,運営中,20
2026-07-01T03:31:10.965Z,TDL,105,情報なし,
2026-07-01T03:31:10.965Z,TDL,132,運営中,10
2026-07-01T03:31:10.965Z,TDL,392,案内終了,
2026-07-01T03:31:10.965Z,TDL,112,運営中,60
2026-07-01T03:31:10.965Z,TDL,133,案内終了,
2026-07-01T03:31:10.965Z,TDL,127,運営中,5
2026-07-01T03:31:10.965Z,TDL,340,運営中,
2026-07-01T03:31:10.965Z,TDL,111,運営中,5
2026-07-01T03:31:10.965Z,TDL,129,運営中,5
2026-07-01T03:31:10.965Z,TDL,134,案内終了,
2026-07-01T03:31:10.965Z,TDL,113,情報なし,
2026-07-01T03:31:10.965Z,TDL,110,運営中,50
2026-07-01T03:31:10.965Z,TDL,114,運営中,40
2026-07-01T03:31:10.965Z,TDL,117,運営中,10
2026-07-01T03:31:10.965Z,TDL,123,情報なし,
2026-07-01T03:31:10.965Z,TDL,403,案内終了,
2026-07-01T03:31:10.965Z,TDL,408,運営・公演中止 10:30-13:00:案内終了 14:10-17:00:案内終了,
2026-07-01T03:31:10.965Z,TDL,414,運営中,70
2026-07-01T03:31:10.965Z,TDL,300,運営中,
2026-07-01T03:31:10.965Z,TDL,120,運営中,25
2026-07-01T03:31:10.965Z,TDL,116,運営中,5
2026-07-01T03:31:10.965Z,TDL,126,運営中,35
2026-07-01T03:31:10.965Z,TDL,409,案内終了 9:00-21:00:,
2026-07-01T03:31:10.965Z,TDL,125,運営中,5
2026-07-01T03:31:10.965Z,TDL,352,案内終了,
2026-07-01T03:31:10.965Z,TDL,351,運営・公演中止,
2026-07-01T03:31:10.965Z,TDL,163,情報なし,
2026-07-01T03:31:10.965Z,TDL,124,運営中,25
2026-07-01T03:31:10.965Z,TDL,118,情報なし,
2026-07-01T03:31:10.965Z,TDL,109,運営中,10
2026-07-01T03:31:10.965Z,TDL,115,運営中,25
2026-07-01T03:31:10.965Z,TDL,100,運営中,90
2026-07-01T03:31:10.965Z,TDL,106,運営中,10
2026-07-01T03:31:10.965Z,TDS,165,運営中,40
2026-07-01T03:31:10.965Z,TDS,467,情報なし 9:00-12:00:案内終了 12:55-15:55:案内終了,
2026-07-01T03:31:10.965Z,TDS,148,運営中,40
2026-07-01T03:31:10.965Z,TDS,465,運営中,160
2026-07-01T03:31:10.965Z,TDS,360,案内終了,
2026-07-01T03:31:10.965Z,TDS,162,案内終了,
2026-07-01T03:31:10.965Z,TDS,350,運営中,
2026-07-01T03:31:10.965Z,TDS,150,情報なし,
2026-07-01T03:31:10.965Z,TDS,362,案内終了,
2026-07-01T03:31:10.965Z,TDS,454,運営・公演中止 9:00-12:00:案内終了 12:55-15:55:案内終了,
2026-07-01T03:31:10.965Z,TDS,413,案内終了,
2026-07-01T03:31:10.965Z,TDS,161,運営中,20
2026-07-01T03:31:10.965Z,TDS,363,案内終了,
2026-07-01T03:31:10.965Z,TDS,159,運営中,20
2026-07-01T03:31:10.965Z,TDS,172,運営中,30
2026-07-01T03:31:10.965Z,TDS,156,運営中,25
2026-07-01T03:31:10.965Z,TDS,154,運営中,25
2026-07-01T03:31:10.965Z,TDS,145,運営中,160
2026-07-01T03:31:10.965Z,TDS,405,運営中,140
2026-07-01T03:31:10.965Z,TDS,164,運営中,15
2026-07-01T03:31:10.965Z,TDS,144,運営中,120
2026-07-01T03:31:10.965Z,TDS,358,運営・公演中止 9:30-12:30:案内終了 13:15-15:35:,
2026-07-01T03:31:10.965Z,TDS,149,運営中,5
2026-07-01T03:31:10.965Z,TDS,142,運営中,15
2026-07-01T03:31:10.965Z,TDS,151,運営中,5
2026-07-01T03:31:10.965Z,TDS,143,運営中,15
2026-07-01T03:31:10.965Z,TDS,138,運営中,15
2026-07-01T03:31:10.965Z,TDS,173,運営中,100
2026-07-01T03:31:10.965Z,TDS,410,案内終了 9:20-16:50:案内終了,
2026-07-01T03:31:10.965Z,TDS,398,運営中,50
2026-07-01T03:31:10.965Z,TDS,141,運営中,5
2026-07-01T03:31:10.965Z,TDS,466,運営中,70
2026-07-01T03:31:10.965Z,TDS,462,運営中,
2026-07-01T03:31:10.965Z,TDS,463,運営中,50
2026-07-01T03:31:10.965Z,TDS,140,情報なし,
2026-07-01T03:31:10.965Z,TDS,153,運営中,30
2026-07-01T03:31:10.965Z,TDS,411,案内終了 11:30-15:30:エントリー受付は終了しました,
2026-07-01T03:31:10.965Z,TDS,157,運営中,40
2026-07-01T03:31:10.965Z,TDS,155,情報なし,
2026-07-01T03:31:10.965Z,TDS,412,案内終了 11:00-18:20:案内終了,
2026-07-01T03:31:10.965Z,TDS,160,運営中,15
2026-07-01T03:31:10.965Z,TDS,170,案内終了 8:15-21:15:案内終了,
2026-07-01T03:31:10.965Z,TDS,168,運営中,40
2026-07-01T03:31:10.965Z,TDS,169,運営中,30
2026-07-01T03:31:10.965Z,TDS,400,案内終了,
2026-07-01T03:31:10.965Z,TDS,404,案内終了,
2026-07-01T03:31:10.965Z,TDS,401,案内終了 9:30-13:30: 15:00-19:00:,
2026-07-01T03:31:10.965Z,TDS,402,案内終了 9:30-13:30: 15:00-19:00:,
2026-07-01T03:31:10.965Z,TDS,464,情報なし,
2026-07-01T03:31:10.965Z,TDS,152,運営中,100
2026-07-01T03:31:10.965Z,TDS,158,運営中,40
2026-07-01T03:31:10.965Z,TDS,171,運営中,60
2026-07-01T03:31:10.965Z,TDS,139,運営中,5
2026-07-01T03:31:10.965Z,TDS,146,運営中,70
2026-07-01T03:45:19.026Z,TDL,122,運営中,10
2026-07-01T03:45:19.026Z,TDL,121,情報なし,
2026-07-01T03:45:19.026Z,TDL,107,運営中,5
2026-07-01T03:45:19.026Z,TDL,104,運営中,15
2026-07-01T03:45:19.026Z,TDL,407,案内終了 10:00-19:00:準備中,
2026-07-01T03:45:19.026Z,TDL,394,運営中,25
2026-07-01T03:45:19.026Z,TDL,395,運営中,30
2026-07-01T03:45:19.026Z,TDL,101,運営中,10
2026-07-01T03:45:19.026Z,TDL,102,運営中,10
2026-07-01T03:45:19.026Z,TDL,108,運営中,15
2026-07-01T03:45:19.026Z,TDL,128,一時運営中止,
2026-07-01T03:45:19.026Z,TDL,119,運営中,10
2026-07-01T03:45:19.026Z,TDL,174,運営中,10
2026-07-01T03:45:19.026Z,TDL,406,案内終了 12:00-18:00:案内終了,
2026-07-01T03:45:19.026Z,TDL,167,運営中,10
2026-07-01T03:45:19.026Z,TDL,366,運営中,20
2026-07-01T03:45:19.026Z,TDL,105,情報なし,
2026-07-01T03:45:19.026Z,TDL,132,運営中,10
2026-07-01T03:45:19.026Z,TDL,392,案内終了,
2026-07-01T03:45:19.026Z,TDL,112,運営中,60
2026-07-01T03:45:19.026Z,TDL,133,案内終了,
2026-07-01T03:45:19.026Z,TDL,127,運営中,5
2026-07-01T03:45:19.026Z,TDL,340,運営中,
2026-07-01T03:45:19.026Z,TDL,111,運営中,5
2026-07-01T03:45:19.026Z,TDL,129,運営中,5
2026-07-01T03:45:19.026Z,TDL,134,案内終了,
2026-07-01T03:45:19.026Z,TDL,113,情報なし,
2026-07-01T03:45:19.026Z,TDL,110,運営中,70
2026-07-01T03:45:19.026Z,TDL,114,運営中,30
2026-07-01T03:45:19.026Z,TDL,117,運営中,10
2026-07-01T03:45:19.026Z,TDL,123,情報なし,
2026-07-01T03:45:19.026Z,TDL,403,案内終了,
2026-07-01T03:45:19.026Z,TDL,408,運営・公演中止 10:30-13:00:案内終了 14:10-17:00:案内終了,
2026-07-01T03:45:19.026Z,TDL,414,運営中,70
2026-07-01T03:45:19.026Z,TDL,300,運営中,
2026-07-01T03:45:19.026Z,TDL,120,運営中,20
2026-07-01T03:45:19.026Z,TDL,116,運営中,5
2026-07-01T03:45:19.026Z,TDL,126,運営中,40
2026-07-01T03:45:19.026Z,TDL,409,案内終了 9:00-21:00:,
2026-07-01T03:45:19.026Z,TDL,125,運営中,5
2026-07-01T03:45:19.026Z,TDL,352,案内終了,
2026-07-01T03:45:19.026Z,TDL,351,運営・公演中止,
2026-07-01T03:45:19.026Z,TDL,163,情報なし,
2026-07-01T03:45:19.026Z,TDL,124,運営中,35
2026-07-01T03:45:19.026Z,TDL,118,情報なし,
2026-07-01T03:45:19.026Z,TDL,109,運営中,10
2026-07-01T03:45:19.026Z,TDL,115,運営中,25
2026-07-01T03:45:19.026Z,TDL,100,運営中,90
2026-07-01T03:45:19.026Z,TDL,106,運営中,10
2026-07-01T03:45:19.026Z,TDS,165,運営中,30
2026-07-01T03:45:19.026Z,TDS,467,情報なし 9:00-12:00:案内終了 12:55-15:55:案内終了,
2026-07-01T03:45:19.026Z,TDS,148,運営中,50
2026-07-01T03:45:19.026Z,TDS,465,一時運営中止,
2026-07-01T03:45:19.026Z,TDS,360,案内終了,
2026-07-01T03:45:19.026Z,TDS,162,案内終了,
2026-07-01T03:45:19.026Z,TDS,350,運営中,
2026-07-01T03:45:19.026Z,TDS,150,情報なし,
2026-07-01T03:45:19.026Z,TDS,362,案内終了,
2026-07-01T03:45:19.026Z,TDS,454,運営・公演中止 9:00-12:00:案内終了 12:55-15:55:案内終了,
2026-07-01T03:45:19.026Z,TDS,413,案内終了,
2026-07-01T03:45:19.026Z,TDS,161,運営中,20
2026-07-01T03:45:19.026Z,TDS,363,案内終了,
2026-07-01T03:45:19.026Z,TDS,159,運営中,20
2026-07-01T03:45:19.026Z,TDS,172,運営中,30
2026-07-01T03:45:19.026Z,TDS,156,運営中,25
2026-07-01T03:45:19.026Z,TDS,154,運営中,30
2026-07-01T03:45:19.026Z,TDS,145,運営中,160
2026-07-01T03:45:19.026Z,TDS,405,運営中,140
2026-07-01T03:45:19.026Z,TDS,164,運営中,15
2026-07-01T03:45:19.026Z,TDS,144,運営中,120
2026-07-01T03:45:19.026Z,TDS,358,運営・公演中止 9:30-12:30:案内終了 13:15-15:35:準備中,
2026-07-01T03:45:19.026Z,TDS,149,運営中,5
2026-07-01T03:45:19.026Z,TDS,142,運営中,20
2026-07-01T03:45:19.026Z,TDS,151,運営中,15
2026-07-01T03:45:19.026Z,TDS,143,運営中,15
2026-07-01T03:45:19.026Z,TDS,138,運営中,20
2026-07-01T03:45:19.026Z,TDS,173,運営中,100
2026-07-01T03:45:19.026Z,TDS,410,案内終了 9:20-16:50:案内終了,
2026-07-01T03:45:19.026Z,TDS,398,運営中,50
2026-07-01T03:45:19.026Z,TDS,141,運営中,5
2026-07-01T03:45:19.026Z,TDS,466,運営中,70
2026-07-01T03:45:19.026Z,TDS,462,運営中,
2026-07-01T03:45:19.026Z,TDS,463,運営中,50
2026-07-01T03:45:19.026Z,TDS,140,情報なし,
2026-07-01T03:45:19.026Z,TDS,153,運営中,30
2026-07-01T03:45:19.026Z,TDS,411,案内終了 11:30-15:30:エントリー受付は終了しました,
2026-07-01T03:45:19.026Z,TDS,157,運営中,30
2026-07-01T03:45:19.026Z,TDS,155,情報なし,
2026-07-01T03:45:19.026Z,TDS,412,案内終了 11:00-18:20:案内終了,
2026-07-01T03:45:19.026Z,TDS,160,運営中,15
2026-07-01T03:45:19.026Z,TDS,170,案内終了 8:15-21:15:案内終了,
2026-07-01T03:45:19.026Z,TDS,168,運営中,50
2026-07-01T03:45:19.026Z,TDS,169,運営中,40
2026-07-01T03:45:19.026Z,TDS,400,案内終了,
2026-07-01T03:45:19.026Z,TDS,404,案内終了,
2026-07-01T03:45:19.026Z,TDS,401,案内終了 9:30-13:30: 15:00-19:00:,
2026-07-01T03:45:19.026Z,TDS,402,案内終了 9:30-13:30: 15:00-19:00:,
2026-07-01T03:45:19.026Z,TDS,464,情報なし,
2026-07-01T03:45:19.026Z,TDS,152,運営中,100
2026-07-01T03:45:19.026Z,TDS,158,運営中,25
2026-07-01T03:45:19.026Z,TDS,171,運営中,50
2026-07-01T03:45:19.026Z,TDS,139,運営中,5
2026-07-01T03:45:19.026Z,TDS,146,運営中,60
2026-07-01T04:00:36.317Z,TDL,122,運営中,10
2026-07-01T04:00:36.317Z,TDL,121,情報なし,
2026-07-01T04:00:36.317Z,TDL,107,運営中,5
2026-07-01T04:00:36.317Z,TDL,104,運営中,20
2026-07-01T04:00:36.317Z,TDL,407,案内終了 10:00-19:00:準備中,
2026-07-01T04:00:36.317Z,TDL,394,運営中,20
2026-07-01T04:00:36.317Z,TDL,395,運営中,25
2026-07-01T04:00:36.317Z,TDL,101,運営中,10
2026-07-01T04:00:36.317Z,TDL,102,運営中,15
2026-07-01T04:00:36.317Z,TDL,108,運営中,15
2026-07-01T04:00:36.317Z,TDL,128,一時運営中止,
2026-07-01T04:00:36.317Z,TDL,119,運営中,10
2026-07-01T04:00:36.317Z,TDL,174,運営中,10
2026-07-01T04:00:36.317Z,TDL,406,案内終了 12:00-18:00:案内終了,
2026-07-01T04:00:36.317Z,TDL,167,運営中,10
2026-07-01T04:00:36.317Z,TDL,366,運営中,25
2026-07-01T04:00:36.317Z,TDL,105,情報なし,
2026-07-01T04:00:36.317Z,TDL,132,運営中,5
2026-07-01T04:00:36.317Z,TDL,392,案内終了,
2026-07-01T04:00:36.317Z,TDL,112,運営中,50
2026-07-01T04:00:36.317Z,TDL,133,案内終了,
2026-07-01T04:00:36.317Z,TDL,127,運営中,5
2026-07-01T04:00:36.317Z,TDL,340,運営中,
2026-07-01T04:00:36.317Z,TDL,111,運営中,5
2026-07-01T04:00:36.317Z,TDL,129,運営中,5
2026-07-01T04:00:36.317Z,TDL,134,案内終了,
2026-07-01T04:00:36.317Z,TDL,113,情報なし,
2026-07-01T04:00:36.317Z,TDL,110,運営中,70
2026-07-01T04:00:36.317Z,TDL,114,運営中,30
2026-07-01T04:00:36.317Z,TDL,117,運営中,15
2026-07-01T04:00:36.317Z,TDL,123,情報なし,
2026-07-01T04:00:36.317Z,TDL,403,案内終了,
2026-07-01T04:00:36.317Z,TDL,408,運営・公演中止 10:30-13:00:案内終了 14:10-17:00:案内終了,
2026-07-01T04:00:36.317Z,TDL,414,運営中,80
2026-07-01T04:00:36.317Z,TDL,300,運営中,
2026-07-01T04:00:36.317Z,TDL,120,運営中,25
2026-07-01T04:00:36.317Z,TDL,116,運営中,5
2026-07-01T04:00:36.317Z,TDL,126,運営中,40
2026-07-01T04:00:36.317Z,TDL,409,案内終了 9:00-21:00:,
2026-07-01T04:00:36.317Z,TDL,125,運営中,5
2026-07-01T04:00:36.317Z,TDL,352,案内終了,
2026-07-01T04:00:36.317Z,TDL,351,運営・公演中止,
2026-07-01T04:00:36.317Z,TDL,163,情報なし,
2026-07-01T04:00:36.317Z,TDL,124,運営中,35
2026-07-01T04:00:36.317Z,TDL,118,情報なし,
2026-07-01T04:00:36.317Z,TDL,109,運営中,10
2026-07-01T04:00:36.317Z,TDL,115,運営中,20
2026-07-01T04:00:36.317Z,TDL,100,運営中,100
2026-07-01T04:00:36.317Z,TDL,106,運営中,10
2026-07-01T04:00:36.317Z,TDS,165,運営中,60
2026-07-01T04:00:36.317Z,TDS,467,情報なし 9:00-12:00:案内終了 12:55-15:55:案内終了,
2026-07-01T04:00:36.317Z,TDS,148,運営中,50
2026-07-01T04:00:36.317Z,TDS,465,一時運営中止,
2026-07-01T04:00:36.317Z,TDS,360,案内終了,
2026-07-01T04:00:36.317Z,TDS,162,案内終了,
2026-07-01T04:00:36.317Z,TDS,350,運営中,
2026-07-01T04:00:36.317Z,TDS,150,情報なし,
2026-07-01T04:00:36.317Z,TDS,362,案内終了,
2026-07-01T04:00:36.317Z,TDS,454,運営・公演中止 9:00-12:00:案内終了 12:55-15:55:案内終了,
2026-07-01T04:00:36.317Z,TDS,413,案内終了,
2026-07-01T04:00:36.317Z,TDS,161,運営中,25
2026-07-01T04:00:36.317Z,TDS,363,案内終了,
2026-07-01T04:00:36.317Z,TDS,159,運営中,20
2026-07-01T04:00:36.317Z,TDS,172,運営中,30
2026-07-01T04:00:36.317Z,TDS,156,運営中,20
2026-07-01T04:00:36.317Z,TDS,154,運営中,30
2026-07-01T04:00:36.317Z,TDS,145,運営中,140
2026-07-01T04:00:36.317Z,TDS,405,運営中,140
2026-07-01T04:00:36.317Z,TDS,164,運営中,15
2026-07-01T04:00:36.317Z,TDS,144,運営中,120
2026-07-01T04:00:36.317Z,TDS,358,運営・公演中止 9:30-12:30:案内終了 13:15-15:35:準備中,
2026-07-01T04:00:36.317Z,TDS,149,運営中,10
2026-07-01T04:00:36.317Z,TDS,142,運営中,15
2026-07-01T04:00:36.317Z,TDS,151,運営中,25
2026-07-01T04:00:36.317Z,TDS,143,運営中,10
2026-07-01T04:00:36.317Z,TDS,138,運営中,10
2026-07-01T04:00:36.317Z,TDS,173,運営中,120
2026-07-01T04:00:36.317Z,TDS,410,案内終了 9:20-16:50:案内終了,
2026-07-01T04:00:36.317Z,TDS,398,運営中,50
2026-07-01T04:00:36.317Z,TDS,141,運営中,5
2026-07-01T04:00:36.317Z,TDS,466,運営中,80
2026-07-01T04:00:36.317Z,TDS,462,運営中,
2026-07-01T04:00:36.317Z,TDS,463,運営中,50
2026-07-01T04:00:36.317Z,TDS,140,情報なし,
2026-07-01T04:00:36.317Z,TDS,153,運営中,30
2026-07-01T04:00:36.317Z,TDS,411,案内終了 11:30-15:30:エントリー受付は終了しました,
2026-07-01T04:00:36.317Z,TDS,157,運営中,30
2026-07-01T04:00:36.317Z,TDS,155,情報なし,
2026-07-01T04:00:36.317Z,TDS,412,案内終了 11:00-18:20:案内終了,
2026-07-01T04:00:36.317Z,TDS,160,運営中,30
2026-07-01T04:00:36.317Z,TDS,170,案内終了 8:15-21:15:案内終了,
2026-07-01T04:00:36.317Z,TDS,168,運営中,60
2026-07-01T04:00:36.317Z,TDS,169,運営中,50
2026-07-01T04:00:36.317Z,TDS,400,案内終了,
2026-07-01T04:00:36.317Z,TDS,404,案内終了,
2026-07-01T04:00:36.317Z,TDS,401,案内終了 9:30-13:30: 15:00-19:00:,
2026-07-01T04:00:36.317Z,TDS,402,案内終了 9:30-13:30: 15:00-19:00:,
2026-07-01T04:00:36.317Z,TDS,464,情報なし,
2026-07-01T04:00:36.317Z,TDS,152,一時運営中止,
2026-07-01T04:00:36.317Z,TDS,158,運営中,25
2026-07-01T04:00:36.317Z,TDS,171,運営中,40
2026-07-01T04:00:36.317Z,TDS,139,運営中,5
2026-07-01T04:00:36.317Z,TDS,146,運営中,60
